-- MySQL dump 10.13  Distrib 8.0.19, for Win64 (x86_64)
--
-- Host: stg-yswa-kr-practice-db-master.mariadb.database.azure.com    Database: s12p12a306
-- ------------------------------------------------------
-- Server version	5.6.47.0

/*!40101 SET @OLD_CHARACTER_SET_CLIENT=@@CHARACTER_SET_CLIENT */;
/*!40101 SET @OLD_CHARACTER_SET_RESULTS=@@CHARACTER_SET_RESULTS */;
/*!40101 SET @OLD_COLLATION_CONNECTION=@@COLLATION_CONNECTION */;
/*!50503 SET NAMES utf8mb4 */;
/*!40103 SET @OLD_TIME_ZONE=@@TIME_ZONE */;
/*!40103 SET TIME_ZONE='+00:00' */;
/*!40014 SET @OLD_UNIQUE_CHECKS=@@UNIQUE_CHECKS, UNIQUE_CHECKS=0 */;
/*!40014 SET @OLD_FOREIGN_KEY_CHECKS=@@FOREIGN_KEY_CHECKS, FOREIGN_KEY_CHECKS=0 */;
/*!40101 SET @OLD_SQL_MODE=@@SQL_MODE, SQL_MODE='NO_AUTO_VALUE_ON_ZERO' */;
/*!40111 SET @OLD_SQL_NOTES=@@SQL_NOTES, SQL_NOTES=0 */;

--
-- Table structure for table `recipe_tags`
--

DROP TABLE IF EXISTS `recipe_tags`;
/*!40101 SET @saved_cs_client     = @@character_set_client */;
/*!50503 SET character_set_client = utf8mb4 */;
CREATE TABLE `recipe_tags` (
  `id` int(11) NOT NULL AUTO_INCREMENT,
  `recipe_id` int(11) NOT NULL,
  `tag_id` int(11) NOT NULL,
  PRIMARY KEY (`id`),
  KEY `recipe_id` (`recipe_id`),
  KEY `tag_id` (`tag_id`),
  CONSTRAINT `recipe_tags_ibfk_1` FOREIGN KEY (`recipe_id`) REFERENCES `recipes` (`id`),
  CONSTRAINT `recipe_tags_ibfk_2` FOREIGN KEY (`tag_id`) REFERENCES `tags` (`id`)
) ENGINE=InnoDB AUTO_INCREMENT=5 DEFAULT CHARSET=utf8mb4 COLLATE=utf8mb4_bin;
/*!40101 SET character_set_client = @saved_cs_client */;

--
-- Dumping data for table `recipe_tags`
--

LOCK TABLES `recipe_tags` WRITE;
/*!40000 ALTER TABLE `recipe_tags` DISABLE KEYS */;
/*!40000 ALTER TABLE `recipe_tags` ENABLE KEYS */;
UNLOCK TABLES;

--
-- Table structure for table `report_category`
--

DROP TABLE IF EXISTS `report_category`;
/*!40101 SET @saved_cs_client     = @@character_set_client */;
/*!50503 SET character_set_client = utf8mb4 */;
CREATE TABLE `report_category` (
  `id` int(11) NOT NULL AUTO_INCREMENT,
  `name` varchar(20) COLLATE utf8mb4_bin NOT NULL,
  PRIMARY KEY (`id`)
) ENGINE=InnoDB AUTO_INCREMENT=11 DEFAULT CHARSET=utf8mb4 COLLATE=utf8mb4_bin;
/*!40101 SET character_set_client = @saved_cs_client */;

--
-- Dumping data for table `report_category`
--

LOCK TABLES `report_category` WRITE;
/*!40000 ALTER TABLE `report_category` DISABLE KEYS */;
INSERT INTO `report_category` VALUES (1,'폭력적 내용'),(2,'스팸 / 도배'),(3,'광고 / 홍보'),(4,'욕설 / 비방'),(5,'개인정보 노출'),(6,'음란성 / 선정적 내용'),(7,'저작권 침해'),(8,'허위 정보'),(9,'부적절한 닉네임'),(10,'기타');
/*!40000 ALTER TABLE `report_category` ENABLE KEYS */;
UNLOCK TABLES;

--
-- Table structure for table `user_receipts`
--

DROP TABLE IF EXISTS `user_receipts`;
/*!40101 SET @saved_cs_client     = @@character_set_client */;
/*!50503 SET character_set_client = utf8mb4 */;
CREATE TABLE `user_receipts` (
  `id` int(11) NOT NULL AUTO_INCREMENT,
  `user_id` int(11) NOT NULL,
  `store_name` varchar(100) COLLATE utf8mb4_bin DEFAULT NULL,
  `purchase_at` datetime DEFAULT NULL,
  `created_at` datetime NOT NULL DEFAULT current_timestamp(),
  `total_amount` int(11) NOT NULL DEFAULT 0,
  PRIMARY KEY (`id`),
  KEY `user_id` (`user_id`),
  CONSTRAINT `user_receipts_ibfk_1` FOREIGN KEY (`user_id`) REFERENCES `users` (`id`)
) ENGINE=InnoDB AUTO_INCREMENT=226 DEFAULT CHARSET=utf8mb4 COLLATE=utf8mb4_bin;
/*!40101 SET character_set_client = @saved_cs_client */;

--
-- Dumping data for table `user_receipts`
--

LOCK TABLES `user_receipts` WRITE;
/*!40000 ALTER TABLE `user_receipts` DISABLE KEYS */;
INSERT INTO `user_receipts` VALUES (1,3,'Store B','2025-01-26 01:26:21','2025-01-25 01:26:21',0),(2,3,'Store C','2025-01-24 01:26:21','2025-01-12 01:26:21',0),(3,3,'Store A','2024-09-25 01:26:21','2025-02-04 01:26:21',0),(4,3,'Store B','2024-07-16 01:26:21','2025-01-20 01:26:21',0),(5,3,'Store D','2024-03-31 01:26:21','2025-02-09 01:26:21',0),(6,3,'Store C','2024-04-09 01:26:21','2025-01-25 01:26:21',0),(7,3,'Store B','2024-10-26 01:26:21','2025-01-20 01:26:21',0),(8,3,'Store A','2024-05-29 01:26:21','2025-01-25 01:26:21',0),(9,3,'Store C','2024-03-19 01:26:21','2025-01-15 01:26:21',0),(10,3,'Store B','2024-07-15 01:26:21','2025-01-26 01:26:21',0),(11,16,'gs슈퍼마켓','2025-02-11 01:26:21','2025-02-11 01:26:21',0),(12,16,'gs슈퍼마켓','2025-02-11 01:26:21','2025-02-11 01:26:21',0),(13,16,'gs슈퍼마켓','2025-02-11 01:26:21','2025-02-11 01:26:21',0),(14,16,'gs슈퍼마켓','2025-02-11 01:26:21','2025-02-11 01:26:21',0),(15,16,'gs슈퍼마켓','2025-02-11 01:26:21','2025-02-11 01:26:21',0),(16,16,'gs슈퍼마켓','2025-02-11 01:26:21','2025-02-11 01:26:21',107),(17,16,'gs슈퍼마켓','2025-02-11 01:26:21','2025-02-11 01:26:21',0),(18,16,'gs슈퍼마켓','2025-02-11 01:26:21','2025-02-11 01:26:21',0),(19,16,'gs슈퍼마켓','2025-02-11 01:26:21','2025-02-11 01:26:21',0),(20,16,'gs슈퍼마켓','2025-02-11 01:26:21','2025-02-11 01:26:21',0),(26,3,'string','2045-03-21 00:00:00','2025-02-11 12:55:52',0),(31,3,'string2','2045-03-21 00:00:00','2025-02-11 13:08:13',0),(32,16,'gs25','2025-02-12 00:00:00','2025-02-12 15:34:47',0),(36,16,'동네앞슈퍼','2025-02-10 00:00:00','2025-02-12 15:47:34',0),(40,16,'테스트','2025-02-12 00:00:00','2025-02-12 15:56:15',0),(41,16,'테스트','2025-02-12 00:00:00','2025-02-12 15:56:37',0),(42,16,'테스트','2025-02-12 00:00:00','2025-02-12 16:05:23',0),(43,16,'테스트','2025-02-12 00:00:00','2025-02-12 16:06:56',0),(44,16,'테스트','2025-02-13 00:00:00','2025-02-12 16:08:32',0),(45,17,'gs25','2025-02-12 00:00:00','2025-02-13 14:28:29',0),(46,17,'테스트','2025-02-14 00:00:00','2025-02-13 15:00:49',0),(47,17,'ㅇㅇㅇㅇ','2025-02-13 00:00:00','2025-02-13 15:05:01',0),(48,17,'1111111','2025-02-14 00:00:00','2025-02-13 15:06:35',0),(49,17,'11111111111','2025-02-12 00:00:00','2025-02-13 15:09:26',0),(50,19,'다이소','2025-02-13 00:00:00','2025-02-14 09:36:22',23000),(56,15,'이마트 역삼역점','2025-02-26 00:00:00','2025-02-14 10:08:13',999999),(57,15,'이마트 역삼역점','2025-02-14 00:00:00','2025-02-14 10:11:07',254783),(58,16,'gs25','2025-02-14 00:00:00','2025-02-14 10:24:01',0),(59,19,'이마트','2025-02-14 00:00:00','2025-02-14 11:01:24',12000),(60,19,'이마트','2025-02-14 00:00:00','2025-02-14 11:02:25',111111),(61,15,'이마트 역삼역점','2025-02-15 00:00:00','2025-02-14 05:06:26',18000),(62,15,'이마트 역삼역점','2025-02-13 00:00:00','2025-02-14 05:07:04',3000),(63,15,'이마트 역삼역점','2025-02-10 00:00:00','2025-02-14 05:08:43',8900),(64,15,'이마트 역삼역점','2025-02-16 00:00:00','2025-02-14 05:09:25',12000),(65,15,'이마트 역삼역점','2025-02-09 00:00:00','2025-02-14 05:10:11',6000),(66,15,'이마트 역삼역점','2025-02-17 00:00:00','2025-02-14 05:10:58',23000),(67,19,'이마트','2025-02-14 00:00:00','2025-02-14 05:45:35',13000),(68,16,'파주연천축협하나로만 트','2025-01-26 00:00:00','2025-02-14 17:45:46',95610),(69,16,'파주연천축협하나로만트','2025-01-26 00:00:00','2025-02-14 17:55:56',95610),(71,16,'없음','2025-02-14 00:00:00','2025-02-14 18:02:16',76200),(72,19,'없음','2025-02-14 00:00:00','2025-02-14 10:16:52',16590),(73,15,'다뮬랭마트','2025-02-15 00:00:00','2025-02-15 21:37:36',26000),(74,15,'GS25','2025-02-15 00:00:00','2025-02-15 21:47:18',13000),(75,15,'하나로마트 약수점','2025-03-17 00:00:00','2025-02-15 21:50:44',71200),(76,15,'우리마트','2025-03-01 00:00:00','2025-02-15 21:51:59',20000),(77,16,'세븐일레브','2025-02-16 00:00:00','2025-02-16 11:34:20',200000),(78,16,'테스트','2025-02-16 00:00:00','2025-02-16 12:00:21',123435),(79,16,'테스트','2025-02-16 00:00:00','2025-02-16 12:08:02',123123),(80,16,'테테테테','2025-02-16 00:00:00','2025-02-16 12:17:46',2000),(84,16,'gs25','2025-02-22 00:00:00','2025-02-16 16:00:06',10000),(88,16,'111111111111111','2025-02-16 00:00:00','2025-02-16 16:34:55',111111),(94,16,'동네앞슈퍼','2025-02-16 00:00:00','2025-02-16 20:18:10',111111),(97,16,'테스트','2025-02-16 00:00:00','2025-02-16 20:23:25',333333),(98,16,'테스트','2025-02-16 00:00:00','2025-02-16 20:26:05',11111),(99,16,'gs25','2025-02-16 00:00:00','2025-02-16 20:27:36',2000),(101,16,'없음','2025-02-16 00:00:00','2025-02-16 21:10:44',30200),(102,16,'파주연천축협하나로만트','2025-01-26 00:00:00','2025-02-16 21:11:56',209101),(103,16,'없음','2025-02-16 00:00:00','2025-02-16 21:27:53',32700),(104,16,'테스트','2025-02-16 00:00:00','2025-02-16 22:49:07',5005),(105,16,'동네앞슈퍼','2025-03-17 00:00:00','2025-02-16 22:52:16',123213),(106,16,'동네앞슈퍼','2025-04-30 00:00:00','2025-02-16 22:53:14',534534),(107,16,'gs25','2025-02-13 00:00:00','2025-02-16 22:53:58',32424),(108,16,'테스트','2025-02-06 00:00:00','2025-02-16 22:55:11',21321),(109,16,'gs25','2025-02-16 00:00:00','2025-02-16 23:38:20',10000),(112,16,'테스트','2025-02-16 00:00:00','2025-02-17 02:17:43',312312),(113,16,'동네앞슈퍼','2025-02-17 00:00:00','2025-02-17 03:06:36',248123),(114,16,'gs25','2025-02-17 00:00:00','2025-02-17 03:21:21',123456),(115,16,'테스트','2025-02-06 00:00:00','2025-02-17 09:53:16',233323),(116,16,'동네앞슈퍼','2025-02-01 00:00:00','2025-02-17 10:02:14',123213),(117,16,'테스트','2025-02-10 00:00:00','2025-02-17 10:02:53',123333),(118,16,'없음','2025-02-17 00:00:00','2025-02-17 10:58:22',76576),(119,16,'동네앞슈퍼','2025-02-17 00:00:00','2025-02-17 14:56:15',122220),(120,16,'테스트','2025-02-17 00:00:00','2025-02-17 14:57:21',123123),(121,16,'테스트','2025-02-17 00:00:00','2025-02-17 15:01:06',222222),(122,16,'동네앞슈퍼','2025-02-16 00:00:00','2025-02-17 15:02:40',123213),(123,16,'테스트','2025-02-17 00:00:00','2025-02-17 15:13:23',213123),(124,15,'이마트 역삼역점','2025-02-17 00:00:00','2025-02-17 15:38:19',13000),(125,1,'없음','2025-02-17 00:00:00','2025-02-17 07:45:22',40500),(126,19,'없음','2025-02-17 00:00:00','2025-02-17 07:47:27',16590),(127,16,'테스트','2025-02-18 09:00:00','2025-02-18 08:59:01',200000),(130,1,'없음','2025-02-17 09:00:00','2025-02-18 00:59:20',19000),(131,20,'없음','2025-02-17 09:00:00','2025-02-18 03:43:37',16590),(132,20,'22','2025-02-18 09:00:00','2025-02-18 03:44:25',2423),(134,50,'없음','2025-02-18 09:00:00','2025-02-18 12:47:34',1009397),(137,19,'없음','2025-02-18 09:00:00','2025-02-19 09:11:14',1222),(138,19,'없음','2025-02-18 09:00:00','2025-02-19 00:20:27',18090),(140,3,'없음','2025-01-01 09:00:00','2025-02-19 00:28:08',114090),(141,61,'산청','2025-02-19 09:00:00','2025-02-19 02:20:41',50000),(142,61,'쿠팡','2025-02-19 09:00:00','2025-02-19 02:21:40',7990),(143,61,'탑마트','2025-01-01 09:00:00','2025-02-19 02:22:33',30000),(144,61,'','2025-02-19 09:00:00','2025-02-19 02:23:57',0),(145,61,'','2025-02-19 09:00:00','2025-02-19 02:24:39',0),(146,61,'','2025-02-19 09:00:00','2025-02-19 02:25:27',0),(147,78,'쿠팡','2025-02-12 09:00:00','2025-02-19 03:07:51',5000),(148,78,'쿠팡','2025-02-19 09:00:00','2025-02-19 03:09:17',0),(149,16,'동네앞슈퍼','2025-02-17 09:00:00','2025-02-19 03:36:52',213123),(150,16,'없음','2025-02-19 09:00:00','2025-02-19 03:49:49',19000),(151,83,'homeplus','2025-02-13 09:00:00','2025-02-19 03:58:12',35210),(152,47,'다이소','2025-02-19 09:00:00','2025-02-19 03:58:27',9990),(153,83,'홈플러스','2025-02-19 09:00:00','2025-02-19 04:00:36',40040),(154,61,'','2025-02-19 09:00:00','2025-02-19 04:04:51',0),(155,61,'','2025-02-19 09:00:00','2025-02-19 04:08:24',0),(158,55,'Banapress 테헤란로점','2025-02-19 09:00:00','2025-02-19 04:10:11',80400),(165,79,'마트','2025-02-19 09:00:00','2025-02-19 04:40:38',1000),(166,79,'마트','2025-02-19 09:00:00','2025-02-19 04:41:05',300),(167,79,'마트','2025-02-19 09:00:00','2025-02-19 04:41:42',300),(168,79,'마크','2025-02-19 09:00:00','2025-02-19 04:42:01',1000),(169,62,'매장','2025-02-17 09:00:00','2025-02-19 04:46:47',120000),(170,79,'ㅁㅁ','2025-02-19 09:00:00','2025-02-19 04:46:58',3000),(171,79,'ㅁㅁ','2025-02-19 09:00:00','2025-02-19 04:47:28',2030),(172,62,'엘지','2025-02-13 09:00:00','2025-02-19 04:47:40',150000),(173,62,'마트','2025-02-12 09:00:00','2025-02-19 04:51:41',32000),(174,62,'주유소','2025-02-18 09:00:00','2025-02-19 04:57:30',50000),(175,62,'광산','2025-02-04 09:00:00','2025-02-19 05:00:57',999999),(176,85,'파주하나로마트','2025-02-19 09:00:00','2025-02-19 06:27:02',97070),(177,85,'이마트 역삼점','2025-01-15 09:00:00','2025-02-19 06:34:18',44500),(178,88,'정육점','2025-02-19 09:00:00','2025-02-19 07:07:04',1000000),(179,19,'없음','2025-02-19 09:00:00','2025-02-19 10:23:30',17090),(180,16,'없음','2025-02-19 09:00:00','2025-02-19 12:39:01',15000),(181,86,'없음','2025-02-19 09:00:00','2025-02-19 13:40:34',16600),(183,16,'이마트','2025-02-20 09:00:00','2025-02-20 00:47:40',2000),(184,16,'동네앞슈퍼','2025-02-20 09:00:00','2025-02-20 01:14:24',10000),(185,16,'동네앞슈퍼','2025-02-20 09:00:00','2025-02-20 01:33:40',20000),(186,16,'동네앞슈퍼','2024-12-31 09:00:00','2025-02-20 01:42:21',1234),(187,16,'동네앞슈퍼','2024-12-31 09:00:00','2025-02-20 01:45:26',26666),(188,16,'동네앞슈퍼','2024-10-08 09:00:00','2025-02-20 01:56:48',22414),(189,16,'동네앞슈퍼','2024-10-01 09:00:00','2025-02-20 02:00:40',1004),(190,16,'동네앞슈퍼','2024-07-09 09:00:00','2025-02-20 02:09:22',122222),(191,16,'gs25','2024-12-31 09:00:00','2025-02-20 02:11:29',1234),(192,16,'gs22','2024-12-31 09:00:00','2025-02-20 02:14:43',20000),(193,85,'신선채소마켓','2025-02-08 09:00:00','2025-02-20 00:58:37',3700),(194,16,'동네앞슈퍼','2025-02-20 09:00:00','2025-02-20 10:00:56',21234),(195,16,'없음','2025-02-20 09:00:00','2025-02-20 10:21:13',25400),(196,85,'롯데마트 역삼점','2025-01-30 09:00:00','2025-02-20 01:43:20',53100),(197,85,'이마트 역삼점','2025-02-19 09:00:00','2025-02-20 01:50:36',43500),(198,85,'신선채소마켓','2024-12-12 09:00:00','2025-02-20 01:57:15',14700),(200,16,'없음','2025-02-20 09:00:00','2025-02-20 16:41:50',192190),(201,16,'파주연천축협한나로만','2025-01-26 09:00:00','2025-02-20 16:51:01',115990),(202,16,'파주연천축협한나로만','2025-01-26 09:00:00','2025-02-20 08:19:08',115990),(203,16,'파주연천축협한나로만','2025-01-26 09:00:00','2025-02-20 17:26:42',93990),(204,19,'없음','2025-01-25 09:00:00','2025-02-20 10:37:51',97990),(205,20,'이마트','2025-02-20 09:00:00','2025-02-20 20:07:23',0),(206,25,'없음','2025-02-20 09:00:00','2025-02-20 11:53:59',25400),(207,85,'파주연천축협한나로만','2025-01-26 09:00:00','2025-02-20 12:15:38',115990),(208,19,'없음','2025-02-20 09:00:00','2025-02-20 18:33:38',26370),(209,15,'없음','2025-01-25 09:00:00','2025-02-20 18:46:57',94000),(210,15,'없음','2025-01-25 09:00:00','2025-02-20 18:53:55',97990),(211,15,'따 수 천 엽하 누로마','2025-01-25 09:00:00','2025-02-20 18:54:35',97990),(212,15,'없음','2025-02-20 09:00:00','2025-02-20 19:01:52',20800),(213,15,'없음','2025-02-20 09:00:00','2025-02-20 19:05:11',36940),(214,16,'gs25','2025-02-21 09:00:00','2025-02-20 21:59:50',115990),(215,16,'gs슈퍼마켓','2025-02-21 09:00:00','2025-02-20 22:08:12',14000),(216,16,'gs25','2025-02-21 09:00:00','2025-02-20 22:09:29',25000),(217,16,'동네앞슈퍼','2025-02-21 09:00:00','2025-02-20 22:14:24',115990),(218,16,'gs슈퍼마켓','2025-02-17 09:00:00','2025-02-20 22:47:47',26370),(219,19,'','2025-02-19 09:00:00','2025-02-20 23:44:59',26370),(220,19,'하나로마트','2025-02-21 09:00:00','2025-02-20 23:46:43',12000),(221,16,'gs슈퍼마켓','2025-02-21 09:00:00','2025-02-21 00:10:18',7000),(222,19,'롯데슈퍼','2025-02-21 09:00:00','2025-02-21 00:47:41',41850),(223,97,'싸피','2025-02-21 09:00:00','2025-02-21 00:48:55',169000),(225,97,'kk','2025-02-12 09:00:00','2025-02-21 01:01:49',900);
/*!40000 ALTER TABLE `user_receipts` ENABLE KEYS */;
UNLOCK TABLES;

--
-- Table structure for table `terms_and_conditions`
--

DROP TABLE IF EXISTS `terms_and_conditions`;
/*!40101 SET @saved_cs_client     = @@character_set_client */;
/*!50503 SET character_set_client = utf8mb4 */;
CREATE TABLE `terms_and_conditions` (
  `id` int(11) NOT NULL AUTO_INCREMENT,
  `title` varchar(255) COLLATE utf8mb4_bin NOT NULL,
  `content` text COLLATE utf8mb4_bin NOT NULL,
  PRIMARY KEY (`id`)
) ENGINE=InnoDB AUTO_INCREMENT=6 DEFAULT CHARSET=utf8mb4 COLLATE=utf8mb4_bin;
/*!40101 SET character_set_client = @saved_cs_client */;

--
-- Dumping data for table `terms_and_conditions`
--

LOCK TABLES `terms_and_conditions` WRITE;
/*!40000 ALTER TABLE `terms_and_conditions` DISABLE KEYS */;
INSERT INTO `terms_and_conditions` VALUES (1,'(필수) 만 14세 이상','본 서비스는 만 14세 이상의 이용자를 대상으로 제공됩니다. 회원 가입을 신청하는 자(이하 \"가입신청자\")가 만 14세 미만인 경우,\r\n부모 등 법정대리인의 동의 절차가 별도로 필요할 수 있으며, 이를 이행하지 않을 시 서비스 이용이 제한될 수 있습니다.\r\n\r\n＊ 만 14세 미만의 경우 고객센터 또는 별도 안내 채널 고객센터를 통해 법정대리인 동의 절차를 진행해야 합니다.\r\n＊ 허위로 만 14세 이상임을 표시하여 가입한 경우, 이용약관에 따라 서비스 이용이 제한될 수 있으니 유의하시기 바랍니다.'),(2,'(필수) 서비스 이용약관에 동의','본 서비스 이용약관은 다믈랭(이하 \"회사\"라 합니다)와 이용자(이하 \"회원\"이라 합니다) 간에 체결되는 계약의 내용을 담고 있습니다.\r\n회원은 서비스 이용에 앞서 약관을 주의 깊게 읽고 동의해주시기 바랍니다.\r\n\r\n＊ 주요 내용\r\n  a. 회원 가입 절차, 회원 자격 및 의무에 관한 사항\r\n  b. 서비스 제공 범위 및 이용에 대한 제한 사항\r\n  c. 서비스 이용 과정에서 발생하는 회사와 회원 간 권리와 의무\r\n  d. 회원의 개인정보 처리 및 보호에 대한 정책\r\n  e. 분쟁 해결 및 관할 법원 등 기타 사항\r\n＊ 본 약관에 동의하지 않을 경우 일부 서비스 이용이 제한될 수 있습니다.\r\n＊ 자세한 내용은 이용약관 전문을 통해 확인할 수 있습니다.'),(3,'(필수) 개인정보 수집·이용에 동의','회사는 회원이 서비스 이용 과정에서 필요 최소한의 개인정보를 수집·이용합니다.\r\n아래는 주요 수집 항목 및 이용 목적 등 기본적인 내용이며, 더욱 상세한 사항은 개인정보처리방침을 통해 확인할 수 있습니다.\r\n\r\n1. 수집 항목\r\n  ＊ 필수정보: 이름, 생년월일, 이메일, 휴대전화번호, 회원 ID/비밀번호 등\r\n  ＊ 선택정보: 프로필 사진, 주소, 기타 이벤트 참여 시 필요한 추가 정보\r\n2. 이용 목적\r\n  ＊ 서비스 회원 가입 및 이용자 식별\r\n  ＊ 고객 상담 및 문의 대응\r\n  ＊ 유료 서비스 결제 및 환불 처리\r\n  ＊ 서비스 향상을 위한 통계 분석 및 내부 보고\r\n3. 보유·이용 기간\r\n  ＊ 원칙적으로 회원 탈퇴 시 지체 없이 파기\r\n  ＊ 단, 관련 법령(전자상거래법, 국세기본법 등)에 따라 일정 기간 보관 의무가 있는 경우 해당 기간 동안 보관\r\n4. 동의 거부 권리 안내\r\n  ＊ 회원은 개인정보 수집·이용에 대한 동의를 거부할 수 있으나, 이 경우 회원가입 또는 서비스 이용이 일부 제한될 수 있습니다.'),(4,'(선택) 홍보 및 마케팅 이용에 동의','회사는 신규 서비스 안내, 이벤트, 프로모션, 할인 혜택 등의 정보를 회원에게 제공하기 위해 아래와 같은 방법으로 홍보성 정보를 발송할 수 있습니다.\r\n회원은 언제든지 동의를 철회할 수 있습니다.\r\n\r\n1. 홍보 수단\r\n  ＊ 이메일, 문자메시지(SMS/MMS), 앱 푸시 알림, 카카오톡 등 메신저, 우편물 등\r\n2. 홍보·마케팅 내용\r\n  ＊ 신규 서비스 출시 및 업데이트 안내\r\n  ＊ 이벤트 및 프로모션 초대, 할인 쿠폰 지급 안내\r\n  ＊ 고객 맞춤형 혜택 및 추천 상품 안내\r\n3. 수신 동의 철회 방법\r\n  ＊ 이메일 수신 거부 설정(이메일 하단 \"수신 거부\" 링크)\r\n  ＊ 문자메시지 수신 거부 회신(무료 수신 거부 번호 안내)\r\n  ＊ 회원 정보 수정 화면 또는 고객센터 등을 통해 언제든지 철회 가능\r\n4. 동의 거부 시 불이익\r\n  ＊ 동의를 거부하더라도 서비스 이용에는 제한이 없지만, 할인 혜택, 이벤트 정보 등 마케팅 관련 소식을 받아보지 못할 수 있습니다.'),(5,'(선택) 마케팅 개인정보 제3자 제공 동의','회사는 회원의 추가적인 동의가 있는 경우에 한하여, 다양한 혜택과 맞춤형 서비스를 제공하기 위해 회원의 개인정보를 제3자(제휴 업체, 광고주 등)에게 제공할 수 있습니다.\r\n이와 관련된 구체적인 내용은 아래와 같습니다.\r\n\r\n1. 제공 대상\r\n＊ 제휴 업체, 광고주, 이벤트 공동 주관사 등\r\n2. 제공 항목\r\n＊ 이름, 이메일, 휴대전화번호, 관심사(선택 입력 시), 서비스 이용 이력, 쿠키/로그 기록 등(제공 목적에 따라 달라질 수 있음)\r\n3. 제공 목적\r\n＊ 이벤트 및 프로모션 공동 진행\r\n＊ 맞춤형 광고 및 상품 추천 서비스 제공\r\n＊ 회원이 신청한 제휴 서비스의 원활한 운영\r\n4. 보유·이용 기간\r\n＊ 목적 달성 시 즉시 파기\r\n＊ 관계 법령에서 별도의 보관 기간을 정하는 경우 해당 기간 준수\r\n5. 동의 거부 시 불이익\r\n＊ 동의를 거부하더라도 기본 서비스 이용에는 제한이 없지만, 제휴사를 통한 특정 프로모션이나 맞춤형 혜택 제공이 제한될 수 있습니다.\r\n6. 동의 철회 방법\r\n＊ 회원정보 관리 페이지에서 제3자 제공 동의 철회\r\n＊ 고객센터를 통해 제3자 제공 중단 요청');
/*!40000 ALTER TABLE `terms_and_conditions` ENABLE KEYS */;
UNLOCK TABLES;

--
-- Table structure for table `recipe_comments`
--

DROP TABLE IF EXISTS `recipe_comments`;
/*!40101 SET @saved_cs_client     = @@character_set_client */;
/*!50503 SET character_set_client = utf8mb4 */;
CREATE TABLE `recipe_comments` (
  `id` int(11) NOT NULL AUTO_INCREMENT,
  `recipe_id` int(11) NOT NULL,
  `author_id` int(11) NOT NULL,
  `parent_id` int(11) DEFAULT NULL,
  `comment` text COLLATE utf8mb4_bin NOT NULL,
  `depth` int(11) NOT NULL,
  `created_at` datetime NOT NULL DEFAULT current_timestamp(),
  `deleted` bit(1) NOT NULL,
  PRIMARY KEY (`id`),
  KEY `recipe_id` (`recipe_id`),
  KEY `writer_id` (`author_id`),
  KEY `parent_id` (`parent_id`),
  CONSTRAINT `recipe_comments_ibfk_1` FOREIGN KEY (`recipe_id`) REFERENCES `recipes` (`id`),
  CONSTRAINT `recipe_comments_ibfk_2` FOREIGN KEY (`author_id`) REFERENCES `users` (`id`),
  CONSTRAINT `recipe_comments_ibfk_3` FOREIGN KEY (`parent_id`) REFERENCES `recipe_comments` (`id`)
) ENGINE=InnoDB AUTO_INCREMENT=164 DEFAULT CHARSET=utf8mb4 COLLATE=utf8mb4_bin;
/*!40101 SET character_set_client = @saved_cs_client */;

--
-- Dumping data for table `recipe_comments`
--

LOCK TABLES `recipe_comments` WRITE;
/*!40000 ALTER TABLE `recipe_comments` DISABLE KEYS */;
INSERT INTO `recipe_comments` VALUES (45,12,1,NULL,'조저줍니다',0,'2025-02-11 19:16:41',_binary '\0'),(46,12,19,NULL,'dpd',0,'2025-02-11 19:17:26',_binary ''),(47,12,19,NULL,'우와',0,'2025-02-11 19:19:04',_binary ''),(48,12,19,NULL,'너무 느린데',0,'2025-02-11 19:19:14',_binary ''),(49,12,19,NULL,'너무 느린데?',0,'2025-02-11 19:19:14',_binary '\0'),(50,12,19,NULL,'하하하하하하하하하하하하',0,'2025-02-11 19:19:50',_binary ''),(51,12,19,45,'ㅇㅇㅇ',1,'2025-02-11 19:20:22',_binary '\0'),(52,12,19,49,'ㅇㅇㅇ',1,'2025-02-11 19:20:32',_binary '\0'),(53,12,1,NULL,'ㅇ',0,'2025-02-11 19:33:13',_binary ''),(58,12,1,49,'dsdsds',1,'2025-02-11 23:32:53',_binary '\0'),(61,12,19,NULL,'ㅓㅏㅓ',0,'2025-02-12 09:32:51',_binary ''),(62,12,19,NULL,'ㄴㄴ',0,'2025-02-12 10:13:12',_binary ''),(69,12,19,NULL,'비빔국수가 아닌데요',0,'2025-02-13 12:09:16',_binary ''),(74,17,19,NULL,'ㄴㄴ',0,'2025-02-14 13:32:33',_binary ''),(75,17,20,NULL,'안 그래도 집에 처치 곤란한 채소들이 많았는데 이참에 삼겹살 파티 해야겠어요!',0,'2025-02-14 13:34:05',_binary '\0'),(76,17,15,75,'ㅋㅋㅋ',1,'2025-02-14 19:14:20',_binary '\0'),(77,17,15,NULL,'',0,'2025-02-14 19:14:21',_binary ''),(78,17,15,NULL,'ㅋㅋㅋㅋ',0,'2025-02-14 19:14:26',_binary '\0'),(79,17,15,NULL,'',0,'2025-02-14 19:14:28',_binary ''),(80,17,20,77,'??',1,'2025-02-15 16:05:49',_binary ''),(81,17,19,78,'왜웃어',1,'2025-02-15 16:46:19',_binary ''),(82,12,15,45,'ㅋㅋㅋ',1,'2025-02-16 02:05:06',_binary '\0'),(92,12,15,NULL,'d',0,'2025-02-17 15:40:58',_binary ''),(93,12,15,NULL,' ㅇ ',0,'2025-02-17 15:41:02',_binary '\0'),(94,12,15,NULL,' ㅇ  ',0,'2025-02-17 15:41:02',_binary ''),(95,12,15,NULL,' ㅇㅇㅇ',0,'2025-02-17 15:41:03',_binary ''),(97,12,1,NULL,'이거진심맛있음',0,'2025-02-17 07:17:57',_binary '\0'),(98,12,1,NULL,'짜리라라라라라',0,'2025-02-17 07:21:26',_binary '\0'),(99,17,19,NULL,'ㅋㅋㅋ',0,'2025-02-17 07:43:24',_binary ''),(100,17,19,78,'ㅋㅋㅋ',1,'2025-02-17 07:43:30',_binary ''),(102,12,25,93,'여기다 답글달면',1,'2025-02-18 09:36:48',_binary '\0'),(103,12,25,49,'여기다 답글달면',1,'2025-02-18 09:37:03',_binary '\0'),(104,12,25,NULL,'댓글수 실시간 증가?',0,'2025-02-18 09:40:12',_binary '\0'),(105,17,20,NULL,'zzz',0,'2025-02-18 10:41:15',_binary ''),(112,17,15,NULL,'ㅎㅇ',0,'2025-02-18 16:17:39',_binary ''),(113,17,15,NULL,'ㅎㅇ',0,'2025-02-18 16:17:42',_binary '\0'),(114,17,15,NULL,'대답',0,'2025-02-18 16:17:47',_binary '\0'),(121,29,47,NULL,'한입만 주세요',0,'2025-02-19 00:46:22',_binary '\0'),(122,34,25,NULL,'오 맛있어 보여요~ 저도 오늘 해먹어봐야겠네요!',0,'2025-02-19 10:45:18',_binary '\0'),(123,34,3,122,'네 한번 드셔보세요! 진짜 맛있어요',1,'2025-02-19 10:45:59',_binary '\0'),(124,12,16,NULL,'와~ 대박 쉽게 조리할 수 있을거 같아요.^^',0,'2025-02-19 10:59:15',_binary '\0'),(125,34,15,NULL,'푹~익은바나는 바나프레소에서 구매할 수 있나요?',0,'2025-02-19 10:59:54',_binary '\0'),(126,33,15,NULL,'맛있겠네요...',0,'2025-02-19 11:00:21',_binary '\0'),(127,29,15,NULL,'이거 보고 춘천 안갈랍니다',0,'2025-02-19 11:00:35',_binary '\0'),(128,32,16,NULL,'매콤달콤해서 밥도둑일거 같아요!',0,'2025-02-19 11:04:19',_binary '\0'),(129,34,20,NULL,'요리 초보인데 가능할까요ㅠㅠ?',0,'2025-02-19 11:08:12',_binary '\0'),(130,33,20,NULL,'요리 과정이 간단해서 요리 초보인 저도 만들 수 있겠어요!!',0,'2025-02-19 11:08:37',_binary '\0'),(131,30,15,NULL,'작성자님 덕분에 조만간 선호도 그래프에서 달걀이 1등하겠네요...',0,'2025-02-19 11:13:03',_binary '\0'),(132,30,3,NULL,'와 사진을 진짜 잘찍으신다',0,'2025-02-19 11:14:05',_binary '\0'),(133,34,3,125,'하하 오타입니다^^',1,'2025-02-19 11:14:39',_binary '\0'),(134,34,3,129,'네~ 가능해요 쉬워요 도전해보세요',1,'2025-02-19 11:14:49',_binary '\0'),(135,32,3,NULL,'이거보니까 정말 배고파요..',0,'2025-02-19 11:15:13',_binary '\0'),(136,12,59,NULL,'달걀 하나 올리면 더 마싯을거가타여 ',0,'2025-02-19 11:15:52',_binary '\0'),(137,17,55,NULL,'',0,'2025-02-19 14:03:50',_binary ''),(138,17,55,NULL,'',0,'2025-02-19 14:04:08',_binary ''),(139,17,55,NULL,'',0,'2025-02-19 14:05:03',_binary ''),(140,33,19,130,'야무지게 머거야징ㅇㅇ ',1,'2025-02-19 19:20:22',_binary '\0'),(141,33,19,130,'      ',1,'2025-02-19 19:30:29',_binary '\0'),(142,34,19,NULL,'   ',0,'2025-02-19 20:05:09',_binary ''),(143,34,19,NULL,'  ',0,'2025-02-19 20:06:42',_binary ''),(144,34,19,NULL,'  ',0,'2025-02-19 20:07:50',_binary ''),(145,34,19,NULL,'   ',0,'2025-02-19 20:08:13',_binary ''),(146,34,19,NULL,'dkssu',0,'2025-02-19 20:09:30',_binary ''),(147,34,19,NULL,'   ',0,'2025-02-19 20:09:40',_binary ''),(148,34,19,NULL,'   ',0,'2025-02-19 20:09:56',_binary ''),(149,34,19,NULL,'',0,'2025-02-19 20:11:10',_binary ''),(150,34,19,NULL,'',0,'2025-02-19 20:11:32',_binary ''),(151,34,19,129,'ㅋㅋㅋㅋㅋ',1,'2025-02-20 05:33:19',_binary ''),(152,34,19,NULL,'저도 도전해볼게용 !!',0,'2025-02-20 05:33:32',_binary '\0'),(153,34,19,152,'오늘 장 보러 가면서 바나나도 같이 사야겠어요!',1,'2025-02-20 05:33:47',_binary '\0'),(154,17,92,NULL,'채소를 준비했는데 조리방법에 채소가 없어 다시 냉장고에 집어넣었습니다!',0,'2025-02-20 10:59:18',_binary '\0'),(155,31,15,NULL,'ㅇㅇ',0,'2025-02-20 22:27:06',_binary '\0'),(156,31,15,155,'ㅇㅇ',1,'2025-02-20 22:28:01',_binary '\0'),(157,31,15,NULL,'ㅇㅇ',0,'2025-02-20 22:28:07',_binary ''),(158,31,15,155,'ㅇㅇ',1,'2025-02-21 00:54:51',_binary '\0'),(159,31,15,NULL,'ㅎㅎ',0,'2025-02-21 03:48:27',_binary '\0'),(160,29,25,NULL,'치즈 진짜 맛잘알이시네요',0,'2025-02-21 03:55:47',_binary '\0'),(161,17,16,NULL,'고기는 삼겹살',0,'2025-02-21 07:01:43',_binary '\0'),(162,29,16,NULL,'누구나 손쉽게 요리할 수 있을거 같아요.',0,'2025-02-21 07:15:24',_binary '\0'),(163,17,97,NULL,'마늘 300그램 먹을 수 있나요',0,'2025-02-21 09:51:13',_binary '\0');
/*!40000 ALTER TABLE `recipe_comments` ENABLE KEYS */;
UNLOCK TABLES;

--
-- Table structure for table `recipes`
--

DROP TABLE IF EXISTS `recipes`;
/*!40101 SET @saved_cs_client     = @@character_set_client */;
/*!50503 SET character_set_client = utf8mb4 */;
CREATE TABLE `recipes` (
  `id` int(11) NOT NULL AUTO_INCREMENT,
  `author_id` int(11) NOT NULL,
  `title` varchar(200) COLLATE utf8mb4_bin NOT NULL,
  `content` varchar(1000) COLLATE utf8mb4_bin NOT NULL,
  `thumbnail_url` varchar(255) COLLATE utf8mb4_bin DEFAULT NULL,
  `view_cnt` int(11) NOT NULL DEFAULT 0,
  `like_cnt` int(11) NOT NULL DEFAULT 0,
  `created_at` datetime NOT NULL DEFAULT current_timestamp(),
  `updated_at` datetime DEFAULT NULL,
  `is_deleted` bit(1) NOT NULL,
  PRIMARY KEY (`id`),
  KEY `writer_id` (`author_id`),
  CONSTRAINT `recipes_ibfk_1` FOREIGN KEY (`author_id`) REFERENCES `users` (`id`)
) ENGINE=InnoDB AUTO_INCREMENT=36 DEFAULT CHARSET=utf8mb4 COLLATE=utf8mb4_bin;
/*!40101 SET character_set_client = @saved_cs_client */;

--
-- Dumping data for table `recipes`
--

LOCK TABLES `recipes` WRITE;
/*!40000 ALTER TABLE `recipes` DISABLE KEYS */;
INSERT INTO `recipes` VALUES (12,3,'비빔국수는 가라 비빔면의 시대다','요즘 누가 국수 먹나요 비빔면 사먹으면 끝! 하지만 진짜 맛있는 레시피입니다','https://damulbucket.s3.ap-northeast-2.amazonaws.com/5ebc7028-bb2c-438e-ab64-4e9a04debf66-%EB%B9%84%EB%B9%94%EB%A9%B4%EC%8D%B8%EB%84%A4%EC%9D%BC.webp',47,4,'2025-02-11 14:37:08','2025-02-19 02:02:16',_binary '\0'),(17,19,'홈메이드 삼겹살','삼겹살이 먹고싶지만 외식을 할 상황이 아니라면 집에서 홈메이드 삼겹살 파티를 해보는건 어떨까요?\n애매하게 남은 채소들과 양념들을 곁들인다면 냉장고 정리에도 도움이 될거에요!','https://damulbucket.s3.ap-northeast-2.amazonaws.com/f2a02f5c-181d-41a1-b6ee-cb1531dab70f-test.jpg',49,8,'2025-02-14 13:30:11','2025-02-19 03:11:20',_binary '\0'),(29,3,'닭갈비','제가 만든 닭갈비에요~~~','https://damulbucket.s3.ap-northeast-2.amazonaws.com/8d54a0a4-aa33-4e01-ac67-e6eb52e595c2-KakaoTalk_20250217_220419718.jpg',26,7,'2025-02-19 09:40:44','2025-02-19 03:27:15',_binary '\0'),(30,1,'달걀파스타','달걀이 들어간 파스타입니다! 오리지날 까르보나라 느낌이에요','https://damulbucket.s3.ap-northeast-2.amazonaws.com/8f8b613b-6236-4603-a09f-30f5c68a99c6-thumbnail.jpg',16,1,'2025-02-19 09:58:02','2025-02-19 02:13:53',_binary '\0'),(31,1,'양배추닭가슴살샐러드','양배추는 봄에 진짜 맛있는거 아시죠?!\n요즘 살이 찐거 같아 닭가슴살과 같이 먹을 수 있는 샐러드를 준비해봤습니다!','https://damulbucket.s3.ap-northeast-2.amazonaws.com/133361d5-8e11-407e-a720-bdade41d091e-thumbnail.jpg',15,1,'2025-02-19 10:04:00','2025-02-19 01:04:00',_binary '\0'),(32,1,'오징어채볶음','입맛 없을 땐? 오징어채볶음이면 밥 한공기 뚝-딱 입니다!!!!!','https://damulbucket.s3.ap-northeast-2.amazonaws.com/40eaaf7c-1745-4394-9f56-db51b30a8fc5-thumbnail.jpg',12,0,'2025-02-19 10:08:07','2025-02-19 01:08:07',_binary '\0'),(33,52,'돌아기 소고기무국 아빠표 초간단 저염 무염레시피','무 제철을 맞이해 소고기무국을 끓여봤어요\n제철무를 이용하니 무의 단맛도 좋더라구요! 소고기를 싫어하는 아이들도 맛있게 먹을 수 있는 소고기무국입니다~\n\n','https://damulbucket.s3.ap-northeast-2.amazonaws.com/f785e345-69a4-4eb7-ae3c-45eddedc0c1a-thumbnail.png',14,0,'2025-02-19 10:11:38','2025-02-19 01:11:38',_binary '\0'),(34,3,'달콤쫀득한 맛에 홀릭! 맛있는 바나나 브레드','촉촉함과 쫀쫀함이 나오는 바나나브레드에요 ~~ \n바나나 브레드는 잘못 구우면 비린내가\n살짝 비쳐 끝까지 먹기 어려운 경우가 있죠..ㅠㅠ\n하지만 이 방법은 그러한 걱정 없이\n달콤함과 쫀득함을 끝까지 유지하면서\n맛나게 즐길 수가 있답니다~!','https://damulbucket.s3.ap-northeast-2.amazonaws.com/673aac1a-332e-494b-9ee7-6daf8b6e640b-thumbnail.png',30,2,'2025-02-19 10:29:56','2025-02-19 03:04:35',_binary '\0'),(35,15,'국보급 기밀문서) GS 10,800원 미슐랭 레시피','평생 공유 안할라고 했는데 마음이 바뀌었습니다.','https://damulbucket.s3.ap-northeast-2.amazonaws.com/99441cf6-e594-415f-994f-d60c44373843-MyRecipe.jpg',10,2,'2025-02-21 01:02:17',NULL,_binary '\0');
/*!40000 ALTER TABLE `recipes` ENABLE KEYS */;
UNLOCK TABLES;

--
-- Table structure for table `post_images`
--

DROP TABLE IF EXISTS `post_images`;
/*!40101 SET @saved_cs_client     = @@character_set_client */;
/*!50503 SET character_set_client = utf8mb4 */;
CREATE TABLE `post_images` (
  `id` int(11) NOT NULL AUTO_INCREMENT,
  `post_id` int(11) NOT NULL,
  `image_url` varchar(255) COLLATE utf8mb4_bin DEFAULT NULL,
  `created_at` datetime NOT NULL DEFAULT current_timestamp(),
  PRIMARY KEY (`id`),
  KEY `post_id` (`post_id`),
  CONSTRAINT `post_images_ibfk_1` FOREIGN KEY (`post_id`) REFERENCES `posts` (`id`)
) ENGINE=InnoDB DEFAULT CHARSET=utf8mb4 COLLATE=utf8mb4_bin;
/*!40101 SET character_set_client = @saved_cs_client */;

--
-- Dumping data for table `post_images`
--

LOCK TABLES `post_images` WRITE;
/*!40000 ALTER TABLE `post_images` DISABLE KEYS */;
/*!40000 ALTER TABLE `post_images` ENABLE KEYS */;
UNLOCK TABLES;

--
-- Table structure for table `follows`
--

DROP TABLE IF EXISTS `follows`;
/*!40101 SET @saved_cs_client     = @@character_set_client */;
/*!50503 SET character_set_client = utf8mb4 */;
CREATE TABLE `follows` (
  `id` int(11) NOT NULL AUTO_INCREMENT,
  `follower_id` int(11) NOT NULL,
  `following_id` int(11) NOT NULL,
  `created_at` datetime NOT NULL DEFAULT current_timestamp(),
  PRIMARY KEY (`id`),
  KEY `follower_id` (`follower_id`),
  KEY `following_id` (`following_id`),
  CONSTRAINT `follows_ibfk_1` FOREIGN KEY (`follower_id`) REFERENCES `users` (`id`),
  CONSTRAINT `follows_ibfk_2` FOREIGN KEY (`following_id`) REFERENCES `users` (`id`)
) ENGINE=InnoDB AUTO_INCREMENT=245 DEFAULT CHARSET=utf8mb4 COLLATE=utf8mb4_bin;
/*!40101 SET character_set_client = @saved_cs_client */;

--
-- Dumping data for table `follows`
--

LOCK TABLES `follows` WRITE;
/*!40000 ALTER TABLE `follows` DISABLE KEYS */;
INSERT INTO `follows` VALUES (1,1,3,'2025-02-10 08:11:17'),(5,1,16,'2025-02-10 08:12:15'),(6,16,17,'2025-02-10 08:12:27'),(7,17,16,'2025-02-10 08:12:38'),(88,15,16,'2025-02-12 09:33:32'),(92,15,3,'2025-02-12 09:37:55'),(93,15,1,'2025-02-12 09:37:55'),(152,19,3,'2025-02-14 14:16:16'),(155,15,25,'2025-02-16 01:59:38'),(176,20,1,'2025-02-17 00:51:47'),(177,20,3,'2025-02-17 00:51:50'),(179,19,15,'2025-02-17 14:24:33'),(180,19,25,'2025-02-17 14:24:40'),(181,20,25,'2025-02-17 15:51:54'),(182,1,17,'2025-02-17 07:40:14'),(183,15,17,'2025-02-17 08:21:58'),(186,19,17,'2025-02-18 04:43:55'),(193,41,25,'2025-02-17 22:27:20'),(194,40,42,'2025-02-17 22:49:29'),(197,25,19,'2025-02-18 10:10:27'),(199,20,15,'2025-02-18 12:46:08'),(203,20,19,'2025-02-19 01:32:21'),(204,50,19,'2025-02-18 21:48:14'),(205,19,50,'2025-02-18 21:49:12'),(206,47,15,'2025-02-18 22:34:07'),(207,16,56,'2025-02-19 11:06:10'),(208,1,55,'2025-02-19 11:06:36'),(209,16,55,'2025-02-19 11:07:40'),(210,1,56,'2025-02-19 11:08:00'),(211,1,57,'2025-02-19 11:10:32'),(212,20,63,'2025-02-19 11:21:37'),(213,78,74,'2025-02-19 12:13:58'),(214,15,47,'2025-02-19 12:49:11'),(215,47,83,'2025-02-19 12:55:23'),(217,47,61,'2025-02-19 13:08:11'),(218,47,62,'2025-02-19 13:53:34'),(219,62,47,'2025-02-19 13:55:51'),(220,15,89,'2025-02-19 19:03:50'),(221,63,20,'2025-02-19 21:44:49'),(222,86,3,'2025-02-19 22:42:05'),(228,19,20,'2025-02-20 02:24:02'),(229,38,19,'2025-02-20 10:49:47'),(230,19,38,'2025-02-20 11:16:53'),(231,15,85,'2025-02-20 21:18:20'),(232,1,15,'2025-02-21 04:39:39'),(233,47,19,'2025-02-21 04:41:13'),(235,25,96,'2025-02-21 04:43:02'),(237,96,15,'2025-02-21 04:47:10'),(238,25,15,'2025-02-21 04:47:37'),(239,52,15,'2025-02-21 04:48:00'),(240,3,15,'2025-02-21 04:48:29'),(241,16,15,'2025-02-21 07:17:43'),(243,97,3,'2025-02-21 09:45:56'),(244,16,19,'2025-02-21 09:46:31');
/*!40000 ALTER TABLE `follows` ENABLE KEYS */;
UNLOCK TABLES;

--
-- Table structure for table `post_comments`
--

DROP TABLE IF EXISTS `post_comments`;
/*!40101 SET @saved_cs_client     = @@character_set_client */;
/*!50503 SET character_set_client = utf8mb4 */;
CREATE TABLE `post_comments` (
  `id` int(11) NOT NULL AUTO_INCREMENT,
  `post_id` int(11) NOT NULL,
  `author_id` int(11) NOT NULL,
  `parent_id` int(11) DEFAULT NULL,
  `comment` text COLLATE utf8mb4_bin NOT NULL,
  `created_at` datetime NOT NULL DEFAULT current_timestamp(),
  `updated_at` datetime DEFAULT NULL,
  `is_deleted` tinyint(4) NOT NULL DEFAULT 0,
  PRIMARY KEY (`id`),
  KEY `post_id` (`post_id`),
  KEY `writer_id` (`author_id`),
  KEY `parent_id` (`parent_id`),
  CONSTRAINT `post_comments_ibfk_1` FOREIGN KEY (`post_id`) REFERENCES `posts` (`id`),
  CONSTRAINT `post_comments_ibfk_2` FOREIGN KEY (`author_id`) REFERENCES `users` (`id`),
  CONSTRAINT `post_comments_ibfk_3` FOREIGN KEY (`parent_id`) REFERENCES `post_comments` (`id`)
) ENGINE=InnoDB AUTO_INCREMENT=67 DEFAULT CHARSET=utf8mb4 COLLATE=utf8mb4_bin;
/*!40101 SET character_set_client = @saved_cs_client */;

--
-- Dumping data for table `post_comments`
--

LOCK TABLES `post_comments` WRITE;
/*!40000 ALTER TABLE `post_comments` DISABLE KEYS */;
INSERT INTO `post_comments` VALUES (36,75,19,NULL,'500g만 사고싶은데 괜찮을까요?','2025-02-19 01:59:06',NULL,0),(37,77,16,NULL,'할인율이 어떻게 되나요?','2025-02-19 02:11:19',NULL,0),(38,77,1,NULL,'비빔면은 팔도가 짱이죠','2025-02-19 02:11:23',NULL,0),(39,77,25,37,'20%는 될 것 같아요','2025-02-19 02:11:53',NULL,0),(40,76,16,NULL,'잘못 주문하셨는데, 세척까지 하셨군요. 바로 가지러 가겠습니다.','2025-02-19 02:14:42',NULL,0),(41,76,20,40,'물론이죠!!!','2025-02-19 02:15:59',NULL,0),(42,78,19,NULL,'안그래도 초콜릿을 별로 안 좋아하는데 많이 받아서 처치 곤란이었어요 ㅎㅎ 제가 드릴게용','2025-02-19 15:58:22',NULL,0),(43,78,19,NULL,'','2025-02-20 05:15:49',NULL,0),(44,76,19,NULL,'우왕!!','2025-02-20 02:26:07',NULL,1),(45,76,19,NULL,'ㅋㅋ','2025-02-20 02:30:32',NULL,1),(46,76,19,NULL,'ㅋㅋ','2025-02-20 02:33:56',NULL,1),(47,76,19,NULL,'ㅋㅋㅋㅋ','2025-02-20 02:34:09',NULL,1),(48,76,19,NULL,'zz','2025-02-20 11:34:41',NULL,1),(49,76,19,NULL,'ㅋㅋ','2025-02-20 12:06:13',NULL,1),(50,76,19,NULL,'ㅋㅋ','2025-02-20 12:06:27',NULL,1),(51,76,19,NULL,'ㅋㅋ','2025-02-20 12:11:25',NULL,1),(52,76,19,NULL,'ㅋㅋ','2025-02-20 12:11:58',NULL,1),(53,76,19,NULL,'ㅋㅋ','2025-02-20 12:14:12',NULL,1),(54,76,19,NULL,'ㅋㅋ','2025-02-20 12:16:48',NULL,1),(55,76,19,NULL,'ㅋㅋ','2025-02-20 12:17:42',NULL,1),(56,76,19,NULL,'ㅋㅋ','2025-02-20 12:18:03',NULL,1),(57,76,19,NULL,'ㅋㅋ','2025-02-20 12:18:11',NULL,1),(58,76,19,NULL,'ㅋㅋ','2025-02-20 12:20:45',NULL,1),(59,76,19,NULL,'ㅋㅋ','2025-02-20 12:21:03',NULL,1),(60,76,19,NULL,'ㅋㅋ','2025-02-20 12:21:10',NULL,1),(61,81,1,NULL,'와 양배추 어제 샀는데 아쉬워요ㅠㅠㅠㅠ ','2025-02-21 08:55:14',NULL,0),(62,81,95,61,'얼마에 사셨어요?','2025-02-21 08:55:29',NULL,0),(63,81,95,NULL,'와 사당 마트 진짜 싸네요... 우리 동네도 할인좀 ㅠㅠ','2025-02-21 08:56:02',NULL,0),(64,76,47,NULL,'당근 알러지있어서 슬퍼요ㅠㅠ','2025-02-21 09:01:46',NULL,0),(65,81,16,NULL,'할인율이 엄청나네요. 바로 가겠습니다.','2025-02-21 09:26:58',NULL,0),(66,79,1,NULL,'와 저 만두 진짜 좋아하는데!! 1개 가능할까요?','2025-02-21 09:45:20',NULL,0);
/*!40000 ALTER TABLE `post_comments` ENABLE KEYS */;
UNLOCK TABLES;

--
-- Table structure for table `users`
--

DROP TABLE IF EXISTS `users`;
/*!40101 SET @saved_cs_client     = @@character_set_client */;
/*!50503 SET character_set_client = utf8mb4 */;
CREATE TABLE `users` (
  `id` int(11) NOT NULL AUTO_INCREMENT,
  `nickname` varchar(255) COLLATE utf8mb4_bin DEFAULT NULL,
  `email` varchar(255) COLLATE utf8mb4_bin NOT NULL,
  `profile_image_url` varchar(255) COLLATE utf8mb4_bin DEFAULT NULL,
  `profile_background_image_url` varchar(255) COLLATE utf8mb4_bin DEFAULT NULL,
  `provider` enum('GOOGLE','KAKAO','NAVER') COLLATE utf8mb4_bin NOT NULL,
  `role` enum('ADMIN','USER') COLLATE utf8mb4_bin NOT NULL DEFAULT 'USER',
  `created_at` varbinary(255) DEFAULT NULL,
  `updated_at` varbinary(255) DEFAULT NULL,
  `last_login_at` datetime DEFAULT NULL,
  `active` bit(1) DEFAULT NULL,
  `report_count` int(11) DEFAULT NULL,
  `self_introduction` varchar(255) COLLATE utf8mb4_bin DEFAULT NULL,
  `access_range` enum('PRIVATE','FRIENDS','PUBLIC') COLLATE utf8mb4_bin NOT NULL DEFAULT 'PUBLIC',
  `warning_enabled` bit(1) DEFAULT NULL,
  PRIMARY KEY (`id`),
  UNIQUE KEY `email` (`email`),
  UNIQUE KEY `nickname` (`nickname`)
) ENGINE=InnoDB AUTO_INCREMENT=102 DEFAULT CHARSET=utf8mb4 COLLATE=utf8mb4_bin;
/*!40101 SET character_set_client = @saved_cs_client */;

--
-- Dumping data for table `users`
--

LOCK TABLES `users` WRITE;
/*!40000 ALTER TABLE `users` DISABLE KEYS */;
INSERT INTO `users` VALUES (1,'서동남북','zyu22@naver.com','https://damulbucket.s3.ap-northeast-2.amazonaws.com/9bd28c45-08cf-41e1-8354-cb8773f5b59c-sss.png','https://damulbucket.s3.ap-northeast-2.amazonaws.com/e186519c-1852-40ca-bcb5-1a58b8b099d6-%EC%82%B4%EB%A0%A4%EC%A1%B0.png','NAVER','USER',_binary '2025-02-06 23:40:11',_binary '2025-02-19 02:09:50.528095',NULL,_binary '',0,'오늘만 내가 요리사! 하지만 오늘은 계속된다','PUBLIC',_binary '\0'),(3,'빵유림','j2y2l2@naver.com','http://k.kakaocdn.net/dn/iqW9i/btsLxOTUlj1/M3gViIeEmE4XG6M9K2Mwp1/img_640x640.jpg','https://damulbucket.s3.ap-northeast-2.amazonaws.com/b7aee2b6-fbbe-4919-b98e-4d9f25ac9349-profile-background.jpg','KAKAO','USER',_binary '2025-02-06 23:41:01',_binary '2025-02-19 01:30:28.906957',NULL,_binary '',0,'전 빵이 좋아요','FRIENDS',_binary '\0'),(15,'토마토러버전종우','jinlaove17@gmail.com','https://damulbucket.s3.ap-northeast-2.amazonaws.com/1aa595e2-0502-49a6-b728-106b3fb95e01-tomato.png','https://damulbucket.s3.ap-northeast-2.amazonaws.com/b7aee2b6-fbbe-4919-b98e-4d9f25ac9349-profile-background.jpg','GOOGLE','USER',_binary '2025-02-09 17:57:33.359659',_binary '2025-02-19 02:22:51.522270',NULL,_binary '',0,'⠀⠀⠀⠀⣾⣿⣿⣷⣄\n⠀⠀⠀⢸⣿⣿⣿⣿⣿⣧⣴⣶⣶⣶⣄\n⠀⠀⠀⣀⣿⣿⡿⠻⣿⣿⣿⣿⣿⣿⣿⡄\n⠀⠀⠀⢇⠠⣏⡖⠒⣿⣿⣿⣿⣿⣿⣿⣧⡀\n⠀⠀⢀⣷⣴⣿⣿⣿⣿⣿⣿⣿⣿⣿⣿⣿⣷\n⠀⠀⢸⣿⣿⡿⢋⠁⠀⠀⠀⠀⠉⡙⢿⣿⣿⡇\n⠀⠀⠘⣿⣿⠀⣿⠇⠀⢀⠀⠀⠘⣿⠀⣿⡿⠁\n⠀⠀⠀⠈⠙⠷⠤⣀⣀⣐⣂⣀⣠⠤⠾⠋⠁','PUBLIC',_binary '\0'),(16,'피자러버신성우','ssw4510@gmail.com','https://damulbucket.s3.ap-northeast-2.amazonaws.com/9a3557eb-5d6c-4bf6-b8c3-fc33d88d5bc8-%EC%8A%A4%ED%81%AC%EB%A6%B0%EC%83%B7%202025-02-18%20110651.png','https://damulbucket.s3.ap-northeast-2.amazonaws.com/b7aee2b6-fbbe-4919-b98e-4d9f25ac9349-profile-background.jpg','GOOGLE','USER',_binary '2025-02-09 21:51:02.028583',_binary '2025-02-19 02:18:24.139022',NULL,_binary '',0,'안녕하세요^^ 피자를 사랑하는 다믈랭 이용자입니다.','PRIVATE',_binary '\0'),(17,'김덩구','asdfgg77@naver.com','https://phinf.pstatic.net/contact/20240207_99/1707289799011r0xnu_PNG/friend.png',NULL,'NAVER','USER',_binary '2025-02-09 22:15:43.778942',_binary '2025-02-09 22:15:43.778942',NULL,_binary '',0,'해윙','PRIVATE',_binary ''),(19,'서흐이','1015alicia@naver.com','http://k.kakaocdn.net/dn/bblIFE/btsJwbo9fcE/efntS4E6qmKrTlZaA1ZAOK/img_640x640.jpg','https://damulbucket.s3.ap-northeast-2.amazonaws.com/b7aee2b6-fbbe-4919-b98e-4d9f25ac9349-profile-background.jpg','KAKAO','USER',_binary '2025-02-11 17:26:58.954665',_binary '2025-02-18 12:52:26.296895',NULL,_binary '',0,'안녕하세용','FRIENDS',_binary '\0'),(20,'윤서희','1015aliciay@gmail.com','https://lh3.googleusercontent.com/a/ACg8ocIIu8KYkzL16CbxdwZoywOx5_6RDL_olHq-AxatgMkwqxw7gD8=s96-c',NULL,'GOOGLE','USER',_binary '2025-02-11 19:26:39.188681',_binary '2025-02-18 03:46:22.200581',NULL,_binary '',0,'나는 서히','PUBLIC',_binary ''),(25,'김비쵸비러버한재서','hanahyun1@gmail.com','https://lh3.googleusercontent.com/a/ACg8ocJtwBcyplhRl0hSEuLx5-NA6wbKRsuvYQi8S6jlAeJJArUjMmw=s96-c',NULL,'GOOGLE','USER',_binary '2025-02-12 17:15:07.167179',_binary '2025-02-12 17:15:07.167203',NULL,_binary '',0,'비쵸비내놔','PUBLIC',_binary ''),(36,'김민정','gsmj1712@gmail.com','https://lh3.googleusercontent.com/a/ACg8ocIwzXNhmXZ1Gskm46xNbbYoVPLTqy_XAMRrdSiJ658oS15Ymw=s96-c',NULL,'GOOGLE','USER',_binary '2025-02-14 08:15:26.877409',_binary '2025-02-14 08:15:26.877433',NULL,_binary '',0,'','PUBLIC',_binary ''),(37,'김현지','khg3666@naver.com','http://k.kakaocdn.net/dn/bbFHnz/btsLgnVMyAy/ritrARYg4i6MYcTnER6jdK/img_640x640.jpg',NULL,'KAKAO','USER',_binary '2025-02-17 05:27:38.315553',_binary '2025-02-17 05:27:38.315564',NULL,_binary '',0,'ㅎㅇㅎㅇ','PUBLIC',_binary ''),(38,'망고러버오정하','bomibomi115@naver.com','https://damulbucket.s3.ap-northeast-2.amazonaws.com/175b333b-c6dd-48a6-9fef-d7ac52edc8f4-IMG_9425.jpeg',NULL,'KAKAO','USER',_binary '2025-02-17 18:44:49.905813',_binary '2025-02-17 09:48:21.612278',NULL,_binary '',0,'망고가최고지','PUBLIC',_binary ''),(39,'박민하','myworld01mh@naver.com','http://k.kakaocdn.net/dn/bs4lHd/btsL3mwP5Xf/SGUOMakM5Q7rY7l7w8BTbK/img_640x640.jpg',NULL,'KAKAO','USER',_binary '2025-02-17 19:07:16.897753',_binary '2025-02-17 10:07:16.898648',NULL,_binary '',0,'박민하인데요','PUBLIC',_binary ''),(40,'거친생각의한재서','18soldo@gmail.com','https://lh3.googleusercontent.com/a/ACg8ocJKohshOa6XuxnFHlbV5-dW_9XybcT7hdINVczhz-Bo7U7U50s=s96-c',NULL,'GOOGLE','USER',_binary '2025-02-17 22:16:09.459912',_binary '2025-02-17 13:16:09.460140',NULL,_binary '',0,'','PUBLIC',_binary ''),(41,'김경수','juine5@hanmail.net','http://k.kakaocdn.net/dn/bto4MH/btsLDoaiuhr/b5gOPy36gA8DNgdtL0H8bK/img_640x640.jpg',NULL,'KAKAO','USER',_binary '2025-02-17 22:24:51.565334',_binary '2025-02-17 13:24:51.565541',NULL,_binary '',0,'','PUBLIC',_binary ''),(42,'예빈남친','soyongyun@gmail.com','http://img1.kakaocdn.net/thumb/R640x640.q70/?fname=http://t1.kakaocdn.net/account_images/default_profile.jpeg',NULL,'KAKAO','USER',_binary '2025-02-17 22:39:44.757221',_binary '2025-02-17 13:39:44.757460',NULL,_binary '',0,'한재서입니다','PUBLIC',_binary ''),(43,'강관훈','riverandeye@gmail.com','https://lh3.googleusercontent.com/a/ACg8ocKQPxXcXd4NONNZaaMqhLH5tj_mgpiM1qnAjqSwrt3fxGxOUz9P=s96-c',NULL,'GOOGLE','USER',_binary '2025-02-17 22:47:09.964677',_binary '2025-02-17 13:47:09.964885',NULL,_binary '',0,'하이재서','PUBLIC',_binary ''),(44,'홍앵잉','edwardhan10@naver.com','http://k.kakaocdn.net/dn/CzM3V/btspk8AtSoA/vYULLEQTIC2XNO9ouOD4ck/img_640x640.jpg',NULL,'KAKAO','USER',_binary '2025-02-17 23:39:56.762235',_binary '2025-02-17 14:39:56.762468',NULL,_binary '',0,'호아앙','PUBLIC',_binary ''),(45,'김형주','khj1117613@gmail.com','https://lh3.googleusercontent.com/a/ACg8ocKP1J0DZlN7EvfOTObWzCkUjRB1alZzkQvWKRtRkYleV59NQw=s96-c',NULL,'GOOGLE','USER',_binary '2025-02-18 10:38:17.249907',_binary '2025-02-18 01:38:17.250477',NULL,_binary '',0,'','PUBLIC',_binary ''),(46,'최지찬','pnlkc@naver.com','https://damulbucket.s3.ap-northeast-2.amazonaws.com/b83aad4c-4852-4402-9595-5ba3f5bbe0e0-__Shot_From_The_Sky__Army_Show_1945_Oak_Ridge_%2824971013612%29.jpg',NULL,'KAKAO','USER',_binary '2025-02-18 14:28:58.341029',_binary '2025-02-18 05:30:46.743186',NULL,_binary '',0,'testtesttesttesttesttesttesttesttesttesttesttesttesttesttesttesttesttesttesttesttesttesttesttesttesttesttesttesttesttesttesttesttesttesttesttesttesttesttesttesttesttesttesttesttesttesttesttesttesttesttesttesttesttesttesttesttesttesttesttest','PUBLIC',_binary ''),(47,'혜진','dbsgpwls0316@gmail.com','https://damulbucket.s3.ap-northeast-2.amazonaws.com/2c32d3d7-c4e5-4bec-83c9-8868d8ff03c2-rn_image_picker_lib_temp_b27e909a-940d-4938-b75a-1a14a4fe38d9.jpg','https://damulbucket.s3.ap-northeast-2.amazonaws.com/4044cbb1-9bd4-4c33-b033-40bfaf944ad8-DaMul_movie_poster3.webp','GOOGLE','USER',_binary '2025-02-18 15:28:33.407791',_binary '2025-02-18 13:29:59.623250',NULL,_binary '',0,'네?','PUBLIC',_binary ''),(49,'관리자','ssafy@gmail.com',NULL,NULL,'GOOGLE','ADMIN',_binary '2025-02-18 12:27:25',NULL,NULL,_binary '',0,NULL,'PUBLIC',_binary ''),(50,'이남재','dlskawo0409@naver.com','https://damulbucket.s3.ap-northeast-2.amazonaws.com/6c522ecd-bdd0-408f-a869-683203464c00-progress.jpeg',NULL,'KAKAO','USER',_binary '2025-02-18 21:38:44.866936',_binary '2025-02-18 12:50:57.487519',NULL,_binary '',0,'냉장고 파먹기 해볼게요 ㅎㅎㅎㅎㅎㅎㅎㅎㅎㅎㅎㅎㅎㅎㅎㅎㅎㅎㅎㅎㅎㅎㅎㅎㅎㅎㅎㅎㅎㅎㅎㅎㅎㅎㅎㅎㅎㅎㅎㅎㅎㅎㅎㅎㅎㅎㅎㅎㅎㅎㅎㅎㅎㅎㅎㅎㅎㅎㅎㅎㅎㅎㅎㅎㅎㅎㅎㅎㅎㅎㅎㅎㅎㅎㅎㅎㅎㅎㅎㅎㅎㅎㅎㅎㅎㅎㅎㅎㅎㅎㅎㅎㅎㅎㅎㅎㅎㅎㅎㅎㅎㅎㅎㅎㅎㅎㅎㅎㅎㅎㅎㅎㅎㅎㅎㅎㅎㅎㅎㅎㅎㅎㅎㅎㅎㅎㅎㅎㅎㅎㅎㅎㅎㅎㅎㅎㅎㅎㅎㅎㅎㅎㅎㅎㅎㅎㅎㅎㅎㅎㅎㅎㅎㅎㅎㅎㅎㅎㅎㅎㅎㅎㅎㅎㅎㅎㅎㅎㅎㅎㅎㅎㅎㅎㅎㅎㅎㅎㅎㅎㅎㅎㅎㅎㅎㅎㅎㅎㅎㅎㅎㅎㅎㅎㅎㅎㅎㅎㅎㅎㅎㅎㅎㅎㅎㅎㅎㄴㅎㅎㅎㅎㅎㅎㅎㅎㅎㅎㅎㅎㅎㅎㅎㅎㅎㅎㅎㅎㅎㅎㅎㅎㅎㅎㅎㄴㄴㄴㄴㄴㄴㄴ','PUBLIC',_binary ''),(52,'유아요리왕','jurim0222@gmail.com','https://damulbucket.s3.ap-northeast-2.amazonaws.com/0c47cbc4-6c21-4f3c-96de-5f0be22152c6-thumbnail.png',NULL,'GOOGLE','USER',_binary '2025-02-19 10:09:13.178014',_binary '2025-02-19 01:22:06.502346',NULL,_binary '',0,'유아식에 대한 레시피를 올리려고 합니다 잘부탁드려요','PUBLIC',_binary ''),(53,'내가진짜한재서','hanahyun1@naver.com','http://img1.kakaocdn.net/thumb/R640x640.q70/?fname=http://t1.kakaocdn.net/account_images/default_profile.jpeg',NULL,'KAKAO','USER',_binary '2025-02-19 11:02:18.573697',_binary '2025-02-19 02:02:18.574200',NULL,_binary '',0,'','PUBLIC',_binary ''),(54,'윤혜진','dbsgpwls0316@naver.com','http://k.kakaocdn.net/dn/bMWcOP/btsv9IOQzO1/sraKjCVu0lCUrTqADqzrv0/img_640x640.jpg',NULL,'KAKAO','USER',_binary '2025-02-19 11:02:50.028093',_binary '2025-02-19 02:02:50.028280',NULL,_binary '',0,'🥰🥰🥰🥰🥰🥰🥰🥰🥰🥰🥰🥰🥰🥰🥰🥰🥰🥰🥰🥰🥰🥰🥰🥰🥰🥰🥰🥰🥰🥰🥰🥰🥰🥰🥰🥰🥰🥰🥰🥰🥰🥰🥰🥰🥰🥰🥰🥰🥰🥰🥰🥰🥰🥰🥰🥰🥰🥰🥰🥰🥰🥰🥰🥰🥰🥰🥰🥰🥰🥰🥰🥰🥰🥰🥰🥰🥰🥰🥰🥰🥰🥰🥰🥰🥰🥰🥰🥰🥰🥰🥰🥰🥰🥰🥰🥰🥰🥰🥰🥰🥰🥰🥰🥰🥰🥰🥰🥰🥰🥰🥰🥰🥰🥰🥰🥰🥰🥰🥰🥰🥰🥰🥰🥰🥰🥰🥰','PUBLIC',_binary ''),(55,'jordi','sj.yoo067@gmail.com','https://damulbucket.s3.ap-northeast-2.amazonaws.com/81a469ff-3e77-498b-ab9c-9f293826f784-profile.png','https://damulbucket.s3.ap-northeast-2.amazonaws.com/b7aee2b6-fbbe-4919-b98e-4d9f25ac9349-profile-background.jpg','GOOGLE','USER',_binary '2025-02-19 11:05:18.000750',_binary '2025-02-19 02:05:18.000962',NULL,_binary '',0,'','PRIVATE',_binary ''),(56,'변서진','baby1005@skuniv.ac.kr','https://lh3.googleusercontent.com/a/ACg8ocLjSyK9G70pTyFU4nDBDQx56f7g9I97NEVHeWimbv28I3ECzw=s96-c',NULL,'GOOGLE','USER',_binary '2025-02-19 11:05:23.603702',_binary '2025-02-19 02:05:23.603895',NULL,_binary '',0,'','PUBLIC',_binary ''),(57,'최소영','jisoyuda@naver.com','http://img1.kakaocdn.net/thumb/R640x640.q70/?fname=http://t1.kakaocdn.net/account_images/default_profile.jpeg',NULL,'KAKAO','USER',_binary '2025-02-19 11:08:49.170378',_binary '2025-02-19 02:08:49.170548',NULL,_binary '',0,'','PUBLIC',_binary ''),(58,'강미라','shjsmom@naver.com','http://k.kakaocdn.net/dn/c8pdja/btsMjPd8mIl/7DcQxayZc1GYTPUOaoCKZ0/img_640x640.jpg',NULL,'KAKAO','USER',_binary '2025-02-19 11:12:05.817392',_binary '2025-02-19 02:12:05.817578',NULL,_binary '',0,'','PUBLIC',_binary ''),(59,'다다믈셈이야','jyys30@hanmail.net','http://k.kakaocdn.net/dn/hgr7x/btsLkjGPyOK/GVU2ZYh4jzqH3K8eZfmmP1/img_640x640.jpg',NULL,'KAKAO','USER',_binary '2025-02-19 11:14:44.567192',_binary '2025-02-19 02:14:44.567321',NULL,_binary '',0,'다 담아볼게여 ','PUBLIC',_binary ''),(60,'흐름','1chqkfkrl@naver.com','http://k.kakaocdn.net/dn/bX2siw/btrvYJGY3ky/KZF9KBjZZoqurZ4FURkAdk/img_640x640.jpg',NULL,'KAKAO','USER',_binary '2025-02-19 11:18:26.378082',_binary '2025-02-19 02:18:26.378242',NULL,_binary '',0,'.','PUBLIC',_binary ''),(61,'서선애','tjsdo529@naver.com','http://k.kakaocdn.net/dn/IY2kZ/btsLQ33Es9d/sNktCEQUCx6y2tKOb4NhM0/img_640x640.jpg',NULL,'KAKAO','USER',_binary '2025-02-19 11:18:31.532386',_binary '2025-02-19 02:18:31.532561',NULL,_binary '',0,'','PUBLIC',_binary ''),(62,'고야앙','ohs9206@naver.com','http://k.kakaocdn.net/dn/cfIesu/btsLOWDv4mu/yVWmxXkKUGApYgPaKo0xDk/img_640x640.jpg','https://damulbucket.s3.ap-northeast-2.amazonaws.com/b7aee2b6-fbbe-4919-b98e-4d9f25ac9349-profile-background.jpg','KAKAO','USER',_binary '2025-02-19 11:18:39.636409',_binary '2025-02-19 02:18:39.636816',NULL,_binary '',0,'고야아아아ㅏㅏㅏㅏㅏ앙','PUBLIC',_binary ''),(63,'나야나72','yhojoong@naver.com','http://k.kakaocdn.net/dn/JREBd/btsKmv1l1Xh/4M7dBcCBcxgXYfkA8yI4X0/img_640x640.jpg',NULL,'KAKAO','USER',_binary '2025-02-19 11:18:53.644539',_binary '2025-02-19 02:18:53.644688',NULL,_binary '',0,'동탄에 사는 50대 남성입니다.','PUBLIC',_binary ''),(64,'인해','qqd9602@naver.com','http://k.kakaocdn.net/dn/v9QuU/btsMlFnHJww/SoYj5hqbWAuAhRuVgU4wp1/img_640x640.jpg',NULL,'KAKAO','USER',_binary '2025-02-19 11:18:58.876469',_binary '2025-02-19 02:18:58.877084',NULL,_binary '',0,'','PUBLIC',_binary ''),(65,'정하','jeongha2001@gmail.com','https://lh3.googleusercontent.com/a/ACg8ocJAIzsrTZUFjhVq6OMBx3Wo7wsU-gmwUr9j0O_Do2X_fB04E7Y=s96-c',NULL,'GOOGLE','USER',_binary '2025-02-19 11:19:34.980267',_binary '2025-02-19 02:19:34.980450',NULL,_binary '',0,'','PUBLIC',_binary ''),(66,'다나','dbrmsdud7@naver.com','http://k.kakaocdn.net/dn/bgy5Xv/btsC9oDcnlB/oo70V6EopubXLk3g3B16hk/img_640x640.jpg','https://damulbucket.s3.ap-northeast-2.amazonaws.com/b7aee2b6-fbbe-4919-b98e-4d9f25ac9349-profile-background.jpg','KAKAO','USER',_binary '2025-02-19 11:22:34.496104',_binary '2025-02-19 02:25:53.032897',NULL,_binary '',0,'다다다다다다','PUBLIC',_binary ''),(67,'rlogaga','amy_sge@naver.com','http://k.kakaocdn.net/dn/cleMgU/btsLRLJYbYu/OBOSF4gyNPLYrSYFdlib9k/img_640x640.jpg',NULL,'KAKAO','USER',_binary '2025-02-19 11:24:32.215615',_binary '2025-02-19 02:24:32.215765',NULL,_binary '',0,'','PUBLIC',_binary ''),(68,'히힣','go7370@gmail.com','https://lh3.googleusercontent.com/a/ACg8ocK6SENsX22yU1UwEsTDIL8L_hqNrfMKwZltQIeBQi6aa4FFfg=s96-c',NULL,'GOOGLE','USER',_binary '2025-02-19 11:25:07.872643',_binary '2025-02-19 02:25:07.872826',NULL,_binary '',0,'','PUBLIC',_binary ''),(69,'쑤반','sbin011@naver.com','http://k.kakaocdn.net/dn/by68TH/btsLRJ6BEox/bkQDSimznKwBk4pjhJkqA0/img_640x640.jpg',NULL,'KAKAO','USER',_binary '2025-02-19 11:26:21.396178',_binary '2025-02-19 02:26:21.396338',NULL,_binary '',0,'','PUBLIC',_binary ''),(70,'용가리','diana.yy.jeong@gmail.com','https://lh3.googleusercontent.com/a/ACg8ocIoWw0F4RxAwMA816Av6UlCoZKC64jVoy-4_bY51-eUJi7Q_Q=s96-c',NULL,'GOOGLE','USER',_binary '2025-02-19 11:27:41.781444',_binary '2025-02-19 02:27:41.781608',NULL,_binary '',0,'QA 중독자','PUBLIC',_binary ''),(71,'고야아앙','ojs9206@gmail.com','https://lh3.googleusercontent.com/a/ACg8ocKppO1sGj7lTGSSrJosQQ8zdNwtu6L2aWZ31o6IKb7XWs0wfQ=s96-c',NULL,'GOOGLE','USER',_binary '2025-02-19 11:28:28.560710',_binary '2025-02-19 02:28:28.560866',NULL,_binary '',0,'','PUBLIC',_binary ''),(72,'예용가리','phoenixgiha@gmail.com','https://lh3.googleusercontent.com/a/ACg8ocK-ZEs2x2uzyiX81p4ROeo0-HvKYcJjNy5xrq-pA7R75wdeynwV=s96-c',NULL,'GOOGLE','USER',_binary '2025-02-19 11:29:21.442449',_binary '2025-02-19 02:29:21.442610',NULL,_binary '',0,'QA 중','PUBLIC',_binary ''),(73,'별명6','nv_tkwjsrjatn6@naver.com','https://ssl.pstatic.net/static/pwe/address/img_profile.png',NULL,'NAVER','USER',_binary '2025-02-19 11:29:27.071363',_binary '2025-02-19 02:29:27.071510',NULL,_binary '',0,'','PUBLIC',_binary ''),(74,'윤2','0529yun@naver.com','http://img1.kakaocdn.net/thumb/R640x640.q70/?fname=http://t1.kakaocdn.net/account_images/default_profile.jpeg',NULL,'KAKAO','USER',_binary '2025-02-19 11:30:40.300796',_binary '2025-02-19 02:30:40.300966',NULL,_binary '',0,'1233','PUBLIC',_binary ''),(75,'spamspam','tjwndnjs6@gmail.com','https://lh3.googleusercontent.com/a/ACg8ocIdQbb0oRBQtUYeFpXKJKQtR_w73H6mgBbh1jwMRXKpa5bAyQ=s96-c',NULL,'GOOGLE','USER',_binary '2025-02-19 11:30:51.735215',_binary '2025-02-19 02:30:51.735368',NULL,_binary '',0,'Gd','PUBLIC',_binary ''),(76,'예예','kunzatt2501@gmail.com','https://lh3.googleusercontent.com/a/ACg8ocJWCxanPmh0GDn9VCztReJ58QUdh56M-8RDiFdKM2Iejdmwsg=s96-c',NULL,'GOOGLE','USER',_binary '2025-02-19 11:36:40.261740',_binary '2025-02-19 02:36:40.261916',NULL,_binary '',0,'','PUBLIC',_binary ''),(77,'이준호','ljhport@naver.com','http://k.kakaocdn.net/dn/dQav6t/btsLAyKnvaD/dGSA38BQs3INFMLd5Y3iD0/img_640x640.jpg',NULL,'KAKAO','USER',_binary '2025-02-19 11:52:23.482991',_binary '2025-02-19 02:52:23.483164',NULL,_binary '',0,'','PUBLIC',_binary ''),(78,'test1234','badjang2023@gmail.com','https://damulbucket.s3.ap-northeast-2.amazonaws.com/a6760c33-1cf8-4251-985d-5a6d71d86143-%EC%8A%A4%ED%81%AC%EB%A6%B0%EC%83%B7%202025-01-14%20175512.png','https://damulbucket.s3.ap-northeast-2.amazonaws.com/b7aee2b6-fbbe-4919-b98e-4d9f25ac9349-profile-background.jpg','KAKAO','USER',_binary '2025-02-19 12:00:35.680583',_binary '2025-02-19 03:12:41.820456',NULL,_binary '',0,'efr','FRIENDS',_binary ''),(79,'Usertest','jyasmineun@gmail.com','https://lh3.googleusercontent.com/a/ACg8ocJW0MF53a3JYx6Mk2pXN7eYSsQe66UnljKcwdiAR1r02qTMwg=s96-c','https://damulbucket.s3.ap-northeast-2.amazonaws.com/b7aee2b6-fbbe-4919-b98e-4d9f25ac9349-profile-background.jpg','GOOGLE','USER',_binary '2025-02-19 12:25:43.609830',_binary '2025-02-19 03:25:43.609998',NULL,_binary '',0,'','PRIVATE',_binary ''),(80,'율99','lee3117527@gmail.com','http://img1.kakaocdn.net/thumb/R640x640.q70/?fname=http://t1.kakaocdn.net/account_images/default_profile.jpeg',NULL,'KAKAO','USER',_binary '2025-02-19 12:38:24.882836',_binary '2025-02-19 03:38:24.883020',NULL,_binary '',0,'옵','PUBLIC',_binary ''),(81,'서진','baby_1005@naver.com','http://k.kakaocdn.net/dn/bEoxbJ/btsMaNeZrod/UuPgHhGkyCQBDNCOEYl5xk/img_640x640.jpg',NULL,'KAKAO','USER',_binary '2025-02-19 12:39:15.365930',_binary '2025-02-19 03:39:15.366102',NULL,_binary '',0,'','PUBLIC',_binary ''),(82,'감자탕','dudnql0720@naver.com','http://img1.kakaocdn.net/thumb/R640x640.q70/?fname=http://t1.kakaocdn.net/account_images/default_profile.jpeg','https://damulbucket.s3.ap-northeast-2.amazonaws.com/b7aee2b6-fbbe-4919-b98e-4d9f25ac9349-profile-background.jpg','KAKAO','USER',_binary '2025-02-19 12:50:53.049235',NULL,NULL,_binary '',0,'','PUBLIC',_binary ''),(83,'잉지','dbsdk5699@naver.com','http://k.kakaocdn.net/dn/iO7VX/btsKFqgal1N/EhyV5ajG9uj8KPzNscTAj0/img_640x640.jpg',NULL,'KAKAO','USER',_binary '2025-02-19 12:52:49.214081',NULL,NULL,_binary '',0,'','PUBLIC',_binary ''),(84,'아무타','jw61woora@hanmail.net','https://ssl.pstatic.net/static/pwe/address/img_profile.png',NULL,'NAVER','USER',_binary '2025-02-19 13:00:42.213580',NULL,NULL,_binary '',0,'','PUBLIC',_binary ''),(85,'다믈랭','dbsgpwls0316@daum.net','https://damulbucket.s3.ap-northeast-2.amazonaws.com/8243b784-3425-4c92-a0a2-f5b43df64e05-Group%201.png','https://damulbucket.s3.ap-northeast-2.amazonaws.com/b7aee2b6-fbbe-4919-b98e-4d9f25ac9349-profile-background.jpg','NAVER','USER',_binary '2025-02-19 13:01:23.142328',NULL,NULL,_binary '',0,'이제 식자재 관리는 다믈랭 하나로 끝!🥰🥰','PRIVATE',_binary ''),(86,'아아메한잔','ybok1030@hanmail.net','https://phinf.pstatic.net/contact/20200710_35/1594355117474Lc1Bx_PNG/avatar_profile.png',NULL,'NAVER','USER',_binary '2025-02-19 13:02:10.619757',NULL,NULL,_binary '',0,'','PUBLIC',_binary ''),(87,'싸피','arne6890@daum.net','https://ssl.pstatic.net/static/pwe/address/img_profile.png',NULL,'NAVER','USER',_binary '2025-02-19 14:02:58.274157',NULL,NULL,_binary '',0,'','PUBLIC',_binary ''),(88,'나는차윤영이다','dkdl8412@naver.com','https://ssl.pstatic.net/static/pwe/address/img_profile.png',NULL,'NAVER','USER',_binary '2025-02-19 16:02:56.852599',NULL,NULL,_binary '',0,'나는 골목대장 차윤영이다.','PUBLIC',_binary ''),(89,'마나오리','wjstjd1004@naver.com','http://k.kakaocdn.net/dn/uXyR9/btsLjuif0EF/ZVFkGrqKsAPNtqqidXR3b1/img_640x640.jpg','https://damulbucket.s3.ap-northeast-2.amazonaws.com/b7aee2b6-fbbe-4919-b98e-4d9f25ac9349-profile-background.jpg','KAKAO','USER',_binary '2025-02-19 18:40:16.390005',NULL,NULL,_binary '',0,'','PUBLIC',_binary ''),(90,'뿡구','juna419@naver.com','http://k.kakaocdn.net/dn/lWxsR/btsLCKdGTaV/bzpM9ETH3IvxMbCwBgtLrk/img_640x640.jpg',NULL,'KAKAO','USER',_binary '2025-02-19 23:06:38.947581',NULL,NULL,_binary '',0,'','PUBLIC',_binary ''),(92,'정재희','ksostel10@naver.com','http://img1.kakaocdn.net/thumb/R640x640.q70/?fname=http://t1.kakaocdn.net/account_images/default_profile.jpeg',NULL,'KAKAO','USER',_binary '2025-02-20 10:55:20.098028',NULL,NULL,_binary '',0,'다 안믈랭','PRIVATE',_binary ''),(93,'hyeng','skatls0307@naver.com','https://ssl.pstatic.net/static/pwe/address/img_profile.png',NULL,'NAVER','USER',_binary '2025-02-20 11:59:17.296455',NULL,NULL,_binary '',0,'무엇이든 잘먹어요','PRIVATE',_binary ''),(94,'백지민','jamie.oolala@gmail.com','http://k.kakaocdn.net/dn/bqnnr6/btsLAVrJJxD/zvMmcQPQPdLxPvIPqMw3SK/img_640x640.jpg',NULL,'KAKAO','USER',_binary '2025-02-20 21:39:11.840590',NULL,NULL,_binary '',0,'','PRIVATE',_binary ''),(95,'서매너온도삼천도','hanahyun1@korea.ac.kr','https://ssl.pstatic.net/static/pwe/address/img_profile.png','https://damulbucket.s3.ap-northeast-2.amazonaws.com/b7aee2b6-fbbe-4919-b98e-4d9f25ac9349-profile-background.jpg','NAVER','USER',_binary '2025-02-21 00:30:08.008832',NULL,NULL,_binary '',0,'','FRIENDS',_binary ''),(96,'서쪽하늘','jinlaove17@naver.com','https://ssl.pstatic.net/static/pwe/address/img_profile.png',NULL,'NAVER','USER',_binary '2025-02-21 04:42:36.553389',NULL,NULL,_binary '',0,'동쪽하늘','PRIVATE',_binary ''),(97,'qwer','asa4163@gmail.com','https://lh3.googleusercontent.com/a/ACg8ocKCStlQE6VKFFyHCxNTx09XAKklYZNgUcY-jb6wg85ZF3z1FWix=s96-c','https://damulbucket.s3.ap-northeast-2.amazonaws.com/b7aee2b6-fbbe-4919-b98e-4d9f25ac9349-profile-background.jpg','GOOGLE','USER',_binary '2025-02-21 09:42:33.205326',NULL,NULL,_binary '',0,'ㅇㄴ람ㄴㅇasdlkjbkldpscczxvjlkwqeporiuasdfjklcvjkadsfjklsdajgiofkdslajgkdsljfkdsfjldksㅇㅇㅇㅇㅇㅇㅇㅇㅇㅇㅇㅇㅇㅇㅇㅇㅇㅇㅇ\ndfjkldsaf\nfkdsalj\nfsdaklgjl\nd\n\ndd\nd\nd\nd\nd\nd\nd\ndd\n어디까지 늘어나느거에요?\n\n\n\nㄹ어ㅣ렁ㅁㄴ언ㅁ라ㅣㅇ너dsfkjldsajglkd\naksdjglsdkajgkldsgjkldsf\ndsklfajdsajfkdslafjdslkfjldsjfkldkfㅇ','PUBLIC',_binary '\0'),(98,'유니유니','unipia303@gmail.com','https://lh3.googleusercontent.com/a/ACg8ocK0xNU0dRxwVsqdUMi3jzHTAN5k8m8bj_CsxK5WFEb8jhqNSg=s96-c',NULL,'GOOGLE','USER',_binary '2025-02-21 09:57:33.286854',NULL,NULL,_binary '',0,'유니피아에서 달려왔어요 ^~^','PRIVATE',_binary ''),(99,'damul','777joonho@naver.com','http://img1.kakaocdn.net/thumb/R640x640.q70/?fname=http://t1.kakaocdn.net/account_images/default_profile.jpeg',NULL,'KAKAO','USER',_binary '2025-02-21 09:58:02.475897',NULL,NULL,_binary '',0,'','PRIVATE',_binary ''),(100,'나다현','1204dahyun@gmail.com','http://img1.kakaocdn.net/thumb/R640x640.q70/?fname=http://t1.kakaocdn.net/account_images/default_profile.jpeg',NULL,'KAKAO','USER',_binary '2025-02-21 10:06:45.863775',NULL,NULL,_binary '',0,'','PRIVATE',_binary ''),(101,'TICEPRAC','kciimnida@gmail.com','https://damulbucket.s3.ap-northeast-2.amazonaws.com/e5317673-ff45-493d-89eb-3c2ecfe5aab2-12313.png',NULL,'GOOGLE','USER',_binary '2025-02-21 10:39:42.367199',NULL,NULL,_binary '',0,'TICEPRACTICEPRACTICEPRACTICEPRACTICEPRACTICEPRACTICEPRACTICEPRACTICEPRACTICEPRACTICEPRACTICEPRACTICEPRACTICEPRACTICEPRACTICEPRACTICEPRACTICEPRACTICEPRACTICEPRACTICEPRACTICEPRACTICEPRACTICEPRACTICEPRACTICEPRACTICEPRACTICEPRACTICEPRACTICEPRACTICEPRAC','PRIVATE',_binary '');
/*!40000 ALTER TABLE `users` ENABLE KEYS */;
UNLOCK TABLES;

--
-- Table structure for table `user_ingredients`
--

DROP TABLE IF EXISTS `user_ingredients`;
/*!40101 SET @saved_cs_client     = @@character_set_client */;
/*!50503 SET character_set_client = utf8mb4 */;
CREATE TABLE `user_ingredients` (
  `id` int(11) NOT NULL AUTO_INCREMENT,
  `receipt_id` int(11) NOT NULL,
  `category_id` int(11) NOT NULL,
  `ingredient_quantity` int(11) NOT NULL DEFAULT 100,
  `ingredient_up` datetime NOT NULL DEFAULT current_timestamp(),
  `ingredient_name` varchar(100) COLLATE utf8mb4_bin NOT NULL,
  `expiration_date` datetime NOT NULL,
  `ingredient_storage` enum('FREEZER','FRIDGE','ROOM_TEMPERATURE') COLLATE utf8mb4_bin NOT NULL,
  `price` int(11) DEFAULT NULL,
  `is_deleted` bit(1) NOT NULL,
  `normalized_ingredient_name` varchar(50) COLLATE utf8mb4_bin DEFAULT NULL,
  PRIMARY KEY (`id`),
  KEY `receipt_id` (`receipt_id`),
  KEY `category_id` (`category_id`),
  KEY `idx_user_ingredients_normalized` (`normalized_ingredient_name`),
  CONSTRAINT `user_ingredients_ibfk_1` FOREIGN KEY (`receipt_id`) REFERENCES `user_receipts` (`id`),
  CONSTRAINT `user_ingredients_ibfk_2` FOREIGN KEY (`category_id`) REFERENCES `food_categories` (`id`)
) ENGINE=InnoDB AUTO_INCREMENT=628 DEFAULT CHARSET=utf8mb4 COLLATE=utf8mb4_bin;
/*!40101 SET character_set_client = @saved_cs_client */;

--
-- Dumping data for table `user_ingredients`
--

LOCK TABLES `user_ingredients` WRITE;
/*!40000 ALTER TABLE `user_ingredients` DISABLE KEYS */;
INSERT INTO `user_ingredients` VALUES (31,1,2,157,'2025-01-25 01:42:05','Tomato','2025-02-25 01:42:05','FRIDGE',8,_binary '','토마토'),(32,2,1,100,'2025-01-24 01:42:05','Potato','2025-03-05 01:42:05','ROOM_TEMPERATURE',7,_binary '\0','감자'),(33,3,4,153,'2024-09-25 01:42:05','Chicken','2025-03-05 01:42:05','FREEZER',21,_binary '','닭'),(34,4,3,178,'2024-07-16 01:42:05','Beef','2025-02-28 01:42:05','FREEZER',31,_binary '\0','닭'),(35,5,2,175,'2024-03-31 01:42:05','Carrot','2025-02-27 01:42:05','FRIDGE',5,_binary '\0','당근'),(36,6,5,167,'2024-04-09 01:42:05','Onion','2025-03-07 01:42:05','ROOM_TEMPERATURE',6,_binary '\0','양파'),(37,7,1,181,'2024-10-26 01:42:05','Garlic','2025-03-01 01:42:05','ROOM_TEMPERATURE',3,_binary '\0','마늘'),(38,8,3,156,'2024-05-29 01:42:05','Pork','2025-02-26 01:42:05','FREEZER',26,_binary '','삼겹살'),(39,9,4,113,'2024-03-19 01:42:05','Fish','2025-02-24 01:42:05','FREEZER',17,_binary '','닭'),(40,10,2,169,'2024-07-15 01:42:05','Milk','2025-03-05 01:42:05','FRIDGE',4,_binary '\0','우유'),(41,16,1,93,'2025-02-11 01:26:21','쌀','2025-03-05 01:42:05','ROOM_TEMPERATURE',8,_binary '','쌀'),(42,16,3,22,'2025-02-11 01:26:21','사과','2025-03-05 01:42:05','ROOM_TEMPERATURE',8,_binary '','사과'),(43,16,5,24,'2025-02-11 01:26:21','삼겹살','2025-03-05 01:42:05','FREEZER',5,_binary '','삼겹살'),(44,16,6,33,'2025-02-11 01:26:21','달걀','2025-03-05 01:42:05','FRIDGE',8,_binary '','달걀'),(45,16,8,92,'2025-02-11 01:26:21','맛있는식용유','2025-02-14 01:26:21','ROOM_TEMPERATURE',8,_binary '','식용유'),(46,16,9,67,'2025-02-11 01:26:21','맛소금','2045-03-21 00:00:00','ROOM_TEMPERATURE',17,_binary '','맛소금'),(47,16,2,0,'2025-02-11 01:26:21','토마토','2025-02-14 01:26:21','ROOM_TEMPERATURE',8,_binary '','토마토'),(48,16,10,72,'2025-02-11 01:26:21','냉동만두','2045-03-21 00:00:00','ROOM_TEMPERATURE',17,_binary '','냉동만두'),(49,16,7,49,'2025-02-11 01:26:21','고등어','2045-03-21 00:00:00','FREEZER',8,_binary '','고등어'),(50,16,4,70,'2025-02-11 01:26:21','치즈','2025-02-14 01:26:21','FRIDGE',17,_binary '','치즈'),(51,31,3,42,'2025-02-11 13:08:13','string','2045-03-21 00:00:00','FREEZER',10000,_binary '',NULL),(52,32,10,17,'2025-02-12 15:34:47','농심 신라면','2040-10-02 00:00:00','ROOM_TEMPERATURE',100000,_binary '','신라면'),(53,36,5,37,'2025-02-12 15:47:34','냉동 삼겹살','2025-02-28 00:00:00','FREEZER',10000,_binary '','삼겹살'),(54,40,5,19,'2025-02-12 15:56:15','냉동 삼겹살','2025-02-28 00:00:00','FREEZER',300000,_binary '','삼겹살'),(55,41,1,45,'2025-02-12 15:56:37','냉동 삼겹살','2025-02-28 00:00:00','FREEZER',300000,_binary '','삼겹살'),(56,42,1,0,'2025-02-12 16:05:23','냉동 삼겹살','2025-02-28 00:00:00','FREEZER',300000,_binary '','삼겹살'),(57,42,10,13,'2025-02-12 16:05:23','신라면','2025-02-27 00:00:00','ROOM_TEMPERATURE',324324,_binary '','신라면'),(58,43,1,100,'2025-02-12 16:06:56','냉동 삼겹살','2025-02-28 00:00:00','FREEZER',300000,_binary '','삼겹살'),(59,43,10,100,'2025-02-12 16:06:56','신라면','2025-02-27 00:00:00','ROOM_TEMPERATURE',324324,_binary '','신라면'),(60,44,8,100,'2025-02-12 16:08:32','참참참기름','2025-02-28 00:00:00','ROOM_TEMPERATURE',4800,_binary '','참기름'),(61,45,8,24,'2025-02-13 14:28:29','올리브유','2025-02-28 00:00:00','ROOM_TEMPERATURE',20000,_binary '\0','올리브유'),(62,46,1,32,'2025-02-13 15:00:49','신라면','2025-02-28 00:00:00','ROOM_TEMPERATURE',111111,_binary '\0','신라면'),(63,47,2,100,'2025-02-13 15:05:01','ㅇㅇㅇㅇㅇ','2025-02-15 00:00:00','FRIDGE',0,_binary '\0',NULL),(64,48,4,100,'2025-02-13 15:06:35','11111','2025-02-27 00:00:00','FREEZER',111111,_binary '\0',NULL),(65,49,5,100,'2025-02-13 15:09:26','11122222222222','2025-02-27 00:00:00','FREEZER',4535534,_binary '\0',NULL),(66,49,6,100,'2025-02-13 15:09:26','2222222','2025-02-28 00:00:00','FRIDGE',453,_binary '\0',NULL),(67,49,7,100,'2025-02-13 15:09:26','5423543','2025-02-24 00:00:00','ROOM_TEMPERATURE',21321,_binary '',NULL),(68,49,9,8,'2025-02-13 15:09:26','5435234','2025-02-27 00:00:00','ROOM_TEMPERATURE',86776,_binary '\0',NULL),(69,49,10,22,'2025-02-13 15:09:26','53425345','2025-02-28 00:00:00','FRIDGE',2222,_binary '\0',NULL),(70,50,5,45,'2025-02-14 09:36:22','고기','2025-02-22 00:00:00','FRIDGE',23000,_binary '',NULL),(73,56,5,11,'2025-02-14 10:08:13','돼지고기','2025-02-13 00:00:00','ROOM_TEMPERATURE',999999,_binary '','오겹살'),(74,57,5,78,'2025-02-14 10:11:07','돼지고기','2025-02-15 00:00:00','FREEZER',156585,_binary '','항정살'),(75,57,5,32,'2025-02-14 10:11:07','돼지고기','2025-02-19 00:00:00','FREEZER',98198,_binary '','가브리살'),(76,58,10,86,'2025-02-14 10:24:01','뚜부칩','2025-02-15 00:00:00','ROOM_TEMPERATURE',5000,_binary '','뚜부칩'),(77,59,5,9,'2025-02-14 11:01:24','삼겹살','2025-02-20 00:00:00','FREEZER',12000,_binary '','삼겹살'),(78,60,10,100,'2025-02-14 11:02:25','Somen','2025-02-14 00:00:00','ROOM_TEMPERATURE',111111,_binary '',NULL),(79,61,5,100,'2025-02-14 05:06:26','삼겹살','2025-02-22 00:00:00','FRIDGE',18000,_binary '',NULL),(80,62,2,100,'2025-02-14 05:07:04','청양고추','2025-02-14 00:00:00','ROOM_TEMPERATURE',3000,_binary '','청양고추'),(81,63,6,100,'2025-02-14 05:08:43','달걀','2025-02-15 00:00:00','FRIDGE',8900,_binary '','달걀'),(82,64,7,0,'2025-02-14 05:09:25','고등어','2025-02-17 00:00:00','FRIDGE',12000,_binary '','고등어'),(83,65,2,100,'2025-02-14 05:10:11','토마토','2020-01-01 00:00:00','FRIDGE',6000,_binary '','토마토'),(84,66,7,100,'2025-02-14 05:10:58','방어','2025-02-28 00:00:00','FREEZER',23000,_binary '','방어'),(85,67,2,48,'2025-02-14 05:45:35','다진마늘','2025-02-14 00:00:00','FREEZER',13000,_binary '','마늘'),(86,68,10,100,'2025-02-14 17:45:46','처음처럼 1800ml','2025-07-26 00:00:00','ROOM_TEMPERATURE',3990,_binary '',NULL),(87,68,3,20,'2025-02-14 17:45:46','배','2025-03-26 00:00:00','FRIDGE',12000,_binary '','배'),(88,68,2,100,'2025-02-14 17:45:46','팽이버섯','2025-02-28 00:00:00','FRIDGE',1300,_binary '','팽이버섯'),(89,68,10,100,'2025-02-14 17:45:46','우하선점쌈 아무와사비맛','2025-06-26 00:00:00','FRIDGE',2380,_binary '',NULL),(90,68,5,21,'2025-02-14 17:45:46','로컬푸드 채끝 /1+등급/구이','2025-02-26 00:00:00','FREEZER',48840,_binary '','구이'),(91,68,2,100,'2025-02-14 17:45:46','P돌미나리','2025-06-26 00:00:00','FRIDGE',5500,_binary '','미나리'),(92,68,5,100,'2025-02-14 17:45:46','로컬푸드 항정살 3g/박스','2025-02-26 00:00:00','FREEZER',21600,_binary '','항정살'),(93,69,10,100,'2025-02-14 17:55:56','처음처럼','2025-01-26 00:00:00','ROOM_TEMPERATURE',3990,_binary '',NULL),(94,69,3,100,'2025-02-14 17:55:56','배','2025-02-10 00:00:00','FRIDGE',12000,_binary '','배'),(95,69,2,100,'2025-02-14 17:55:56','팽이버섯','2025-02-10 00:00:00','FRIDGE',1300,_binary '','팽이버섯'),(96,69,10,100,'2025-02-14 17:55:56','우하선점쌈 아무와사비맛','2025-02-10 00:00:00','FRIDGE',2380,_binary '',NULL),(97,69,5,100,'2025-02-14 17:55:56','로컬푸드 채끝/1+등급/구이','2025-02-01 00:00:00','FREEZER',48840,_binary '',NULL),(98,69,2,100,'2025-02-14 17:55:56','P돌미나리','2025-02-10 00:00:00','FRIDGE',5500,_binary '',NULL),(99,69,5,0,'2025-02-14 17:55:56','로컬푸드 항정살 3g/박스','2025-02-01 00:00:00','FREEZER',21600,_binary '',NULL),(100,71,10,100,'2025-02-14 18:02:16','햇반컵반황태국밥','2025-02-14 00:00:00','FRIDGE',9600,_binary '',NULL),(101,71,1,100,'2025-02-14 18:02:16','쌀떡국','2025-02-14 00:00:00','FRIDGE',2500,_binary '',NULL),(102,71,10,100,'2025-02-14 18:02:16','누룽지','2025-02-14 00:00:00','ROOM_TEMPERATURE',1500,_binary '',NULL),(103,71,10,100,'2025-02-14 18:02:16','미역국밥','2025-02-14 00:00:00','FRIDGE',3200,_binary '',NULL),(104,71,10,100,'2025-02-14 18:02:16','양반야채죽','2025-02-14 00:00:00','FRIDGE',1600,_binary '',NULL),(105,71,10,100,'2025-02-14 18:02:16','우리쌀국수얼큰힌','2025-02-14 00:00:00','ROOM_TEMPERATURE',1500,_binary '',NULL),(106,71,10,100,'2025-02-14 18:02:16','우리쌀국수멸치밋','2025-02-14 00:00:00','ROOM_TEMPERATURE',1500,_binary '',NULL),(107,71,10,100,'2025-02-14 18:02:16','사골곰탕','2025-02-14 00:00:00','FRIDGE',1000,_binary '',NULL),(108,71,10,100,'2025-02-14 18:02:16','비빔국수','2025-02-14 00:00:00','FRIDGE',1000,_binary '',NULL),(109,71,10,100,'2025-02-14 18:02:16','잔치국수','2025-02-14 00:00:00','ROOM_TEMPERATURE',1000,_binary '',NULL),(110,71,10,100,'2025-02-14 18:02:16','바지락칼국수','2025-02-14 00:00:00','FRIDGE',1000,_binary '',NULL),(111,71,10,100,'2025-02-14 18:02:16','CJ/ 햇반컵반황태국밥','2025-02-14 00:00:00','FRIDGE',9600,_binary '',NULL),(112,71,10,100,'2025-02-14 18:02:16','성경/쌀떡국','2025-02-14 00:00:00','FRIDGE',2500,_binary '',NULL),(113,71,10,100,'2025-02-14 18:02:16','옛날구수한누룽지','2025-02-14 00:00:00','ROOM_TEMPERATURE',1500,_binary '',NULL),(114,71,10,100,'2025-02-14 18:02:16','미역국밥','2025-02-14 00:00:00','FRIDGE',3200,_binary '',NULL),(115,71,10,100,'2025-02-14 18:02:16','동원양반야채죽','2025-02-14 00:00:00','FRIDGE',1600,_binary '',NULL),(116,71,10,100,'2025-02-14 18:02:16','성경우리쌀국수얼큰힌','2025-02-14 00:00:00','ROOM_TEMPERATURE',1500,_binary '',NULL),(117,71,10,100,'2025-02-14 18:02:16','성경우리쌀국수멸치밋','2025-02-14 00:00:00','ROOM_TEMPERATURE',1500,_binary '',NULL),(118,71,10,100,'2025-02-14 18:02:16','오뚜기/사골곰탕','2025-02-14 00:00:00','FRIDGE',1000,_binary '',NULL),(119,71,10,100,'2025-02-14 18:02:16','비빔국수','2025-02-14 00:00:00','ROOM_TEMPERATURE',1000,_binary '',NULL),(120,71,10,100,'2025-02-14 18:02:16','잔치국수','2025-02-14 00:00:00','ROOM_TEMPERATURE',1000,_binary '',NULL),(121,71,10,100,'2025-02-14 18:02:16','바지락칼국수','2025-02-14 00:00:00','FRIDGE',1000,_binary '',NULL),(122,71,10,100,'2025-02-14 18:02:16','CJ/ 햇반컵반황태국밥','2025-02-14 00:00:00','FRIDGE',9600,_binary '',NULL),(123,71,10,100,'2025-02-14 18:02:16','성경/쌀떡국','2025-02-14 00:00:00','FRIDGE',2500,_binary '',NULL),(124,71,10,100,'2025-02-14 18:02:16','옛날구수한누룽지','2025-02-14 00:00:00','ROOM_TEMPERATURE',1500,_binary '',NULL),(125,71,10,100,'2025-02-14 18:02:16','미역국밥','2025-02-14 00:00:00','FRIDGE',3200,_binary '',NULL),(126,71,10,100,'2025-02-14 18:02:16','동원양반야채죽','2025-02-14 00:00:00','FRIDGE',1600,_binary '',NULL),(127,71,10,100,'2025-02-14 18:02:16','성경우리쌀국수얼큰힌','2025-02-14 00:00:00','ROOM_TEMPERATURE',1500,_binary '',NULL),(128,71,10,100,'2025-02-14 18:02:16','성경우리쌀국수멸치밋','2025-02-14 00:00:00','ROOM_TEMPERATURE',1500,_binary '\0',NULL),(129,71,10,100,'2025-02-14 18:02:16','오뚜기/사골곰탕','2025-02-14 00:00:00','FRIDGE',1000,_binary '',NULL),(130,71,10,100,'2025-02-14 18:02:16','비빔국수','2025-02-14 00:00:00','ROOM_TEMPERATURE',1000,_binary '',NULL),(131,71,10,100,'2025-02-14 18:02:16','잔치국수','2025-02-14 00:00:00','ROOM_TEMPERATURE',1000,_binary '\0',NULL),(132,71,10,100,'2025-02-14 18:02:16','바지락칼국수','2025-02-14 00:00:00','FRIDGE',1000,_binary '',NULL),(133,72,10,100,'2025-02-14 10:16:52','매일호두와땅콩두유','2025-02-14 00:00:00','FRIDGE',3600,_binary '',NULL),(134,72,4,100,'2025-02-14 10:16:52','빙그레 긋모닝 우유','2025-02-14 00:00:00','FRIDGE',1750,_binary '',NULL),(135,72,5,100,'2025-02-14 10:16:52','수입돼지대패삼','2025-02-14 00:00:00','FREEZER',6240,_binary '',NULL),(136,72,2,100,'2025-02-14 10:16:52','청양고추','2025-02-14 00:00:00','FRIDGE',1500,_binary '',NULL),(137,72,2,100,'2025-02-14 10:16:52','껏잎','2025-02-14 00:00:00','FRIDGE',1000,_binary '',NULL),(138,72,2,100,'2025-02-14 10:16:52','강아삭콩나물','2025-02-14 00:00:00','FRIDGE',1000,_binary '',NULL),(139,72,10,100,'2025-02-14 10:16:52','판두부','2025-02-14 00:00:00','FRIDGE',500,_binary '',NULL),(140,72,10,100,'2025-02-14 10:16:52','씨부산어묵','2025-02-14 00:00:00','FREEZER',1000,_binary '',NULL),(141,73,1,100,'2025-02-15 21:37:36','보리','2025-02-15 00:00:00','ROOM_TEMPERATURE',23000,_binary '',NULL),(142,73,2,57,'2025-02-15 21:37:36','콩나물','2025-03-01 00:00:00','FRIDGE',3000,_binary '',NULL),(143,74,6,6,'2025-02-15 21:47:18','감동란 6입','2025-02-22 00:00:00','FRIDGE',13000,_binary '',NULL),(144,75,3,100,'2025-02-15 21:50:44','레몬','2025-02-28 00:00:00','FRIDGE',3200,_binary '',NULL),(145,75,5,100,'2025-02-15 21:50:44','한우(1++) 살치살','2025-02-14 00:00:00','FRIDGE',68000,_binary '',NULL),(146,76,5,100,'2025-02-15 21:51:59','우삼겹','2025-03-03 00:00:00','FRIDGE',20000,_binary '',NULL),(147,77,7,35,'2025-02-16 11:34:20','고등어','2025-02-17 00:00:00','FRIDGE',200000,_binary '',NULL),(148,78,5,100,'2025-02-16 12:00:21','냉동 삼겹살','2025-02-17 00:00:00','FRIDGE',123312,_binary '',NULL),(149,78,5,100,'2025-02-16 12:00:21','냉동 삼겹살','2025-02-18 00:00:00','ROOM_TEMPERATURE',123,_binary '',NULL),(150,79,10,11,'2025-02-16 12:08:02','신라면','2025-02-17 00:00:00','FRIDGE',123123,_binary '',NULL),(151,80,4,100,'2025-02-16 12:17:46','테테텥테테','2025-02-17 00:00:00','FRIDGE',2000,_binary '',NULL),(152,84,7,100,'2025-02-16 16:00:06','3213213123','2025-02-21 00:00:00','ROOM_TEMPERATURE',10000,_binary '',NULL),(153,88,5,100,'2025-02-16 16:34:55','111111111111111','2025-02-20 00:00:00','ROOM_TEMPERATURE',111111,_binary '',NULL),(154,94,3,100,'2025-02-16 20:18:10','1111111','2025-02-17 00:00:00','FRIDGE',111111,_binary '',NULL),(155,97,2,100,'2025-02-16 20:23:25','참참참기름','2025-02-18 00:00:00','FREEZER',111111,_binary '',NULL),(156,97,5,100,'2025-02-16 20:23:25','농심 신라면','2025-02-17 00:00:00','FRIDGE',222222,_binary '',NULL),(157,98,6,100,'2025-02-16 20:26:05','실온실온온','2025-02-17 00:00:00','ROOM_TEMPERATURE',11111,_binary '',NULL),(158,99,7,0,'2025-02-16 20:27:36','2번','2025-02-19 00:00:00','FRIDGE',2000,_binary '',NULL),(159,101,10,100,'2025-02-16 21:10:44','CJ/ 햇반컵반황태국밥','2025-05-16 00:00:00','FRIDGE',9600,_binary '',NULL),(160,101,10,100,'2025-02-16 21:10:44','성경/ 쌀떡국','2025-05-16 00:00:00','FRIDGE',2500,_binary '',NULL),(161,101,10,100,'2025-02-16 21:10:44','옛날구수한누룽지','2025-05-16 00:00:00','ROOM_TEMPERATURE',1500,_binary '',NULL),(162,101,10,100,'2025-02-16 21:10:44','미역국밥','2025-05-16 00:00:00','FRIDGE',3200,_binary '',NULL),(163,101,10,100,'2025-02-16 21:10:44','콘치즈','2025-05-16 00:00:00','FRIDGE',4800,_binary '',NULL),(164,101,10,100,'2025-02-16 21:10:44','동원양반야채죽','2025-05-16 00:00:00','FRIDGE',1600,_binary '',NULL),(165,101,10,100,'2025-02-16 21:10:44','성경우리쌀국수얼큰힌','2025-05-16 00:00:00','ROOM_TEMPERATURE',1500,_binary '',NULL),(166,101,10,100,'2025-02-16 21:10:44','성경우리쌀국수멸치밋','2025-05-16 00:00:00','ROOM_TEMPERATURE',1500,_binary '\0',NULL),(167,101,10,100,'2025-02-16 21:10:44','오뚜기/사골곰탕','2025-05-16 00:00:00','FRIDGE',1000,_binary '',NULL),(168,101,10,100,'2025-02-16 21:10:44','비빔국수','2025-05-16 00:00:00','ROOM_TEMPERATURE',1000,_binary '',NULL),(169,101,10,100,'2025-02-16 21:10:44','잔치국수','2025-05-16 00:00:00','ROOM_TEMPERATURE',1000,_binary '',NULL),(170,101,10,100,'2025-02-16 21:10:44','바지락칼국수','2025-05-16 00:00:00','FRIDGE',1000,_binary '',NULL),(171,102,1,20,'2025-02-16 21:11:56','넘버원','2025-02-20 00:00:00','FREEZER',111111,_binary '',NULL),(172,102,10,100,'2025-02-16 21:11:56','처음처럼16 5%','2025-01-26 00:00:00','ROOM_TEMPERATURE',3990,_binary '\0',NULL),(173,102,3,100,'2025-02-16 21:11:56','배','2025-02-16 00:00:00','FRIDGE',12000,_binary '',NULL),(174,102,2,100,'2025-02-16 21:11:56','팽이버섯','2025-02-02 00:00:00','FRIDGE',1300,_binary '',NULL),(175,102,10,100,'2025-02-16 21:11:56','우하선점쌈 아무와사비맛','2025-02-16 00:00:00','FRIDGE',4760,_binary '',NULL),(176,102,5,100,'2025-02-16 21:11:56','채끝 등급 구이','2025-02-16 00:00:00','FREEZER',48840,_binary '',NULL),(177,102,2,100,'2025-02-16 21:11:56','돌미나리','2025-02-10 00:00:00','FRIDGE',5500,_binary '',NULL),(178,102,5,48,'2025-02-16 21:11:56','항정살','2025-02-16 00:00:00','FREEZER',21600,_binary '',NULL),(179,103,10,100,'2025-02-16 21:27:53','CJ/ 햇반컵반황태국밥','2025-05-16 00:00:00','ROOM_TEMPERATURE',9600,_binary '\0',NULL),(180,103,10,100,'2025-02-16 21:27:53','성경/쌀떡국','2025-05-16 00:00:00','FRIDGE',5000,_binary '',NULL),(181,103,10,100,'2025-02-16 21:27:53','옛날구수한누룽지','2025-05-16 00:00:00','ROOM_TEMPERATURE',1500,_binary '',NULL),(182,103,10,100,'2025-02-16 21:27:53','미역국밥','2025-05-16 00:00:00','FRIDGE',3200,_binary '',NULL),(183,103,10,100,'2025-02-16 21:27:53','콘치즈','2025-05-16 00:00:00','FRIDGE',4800,_binary '',NULL),(184,103,10,100,'2025-02-16 21:27:53','동원양반야채죽','2025-05-16 00:00:00','FRIDGE',1600,_binary '',NULL),(185,103,10,100,'2025-02-16 21:27:53','성경우리쌀국수얼큰힌','2025-05-16 00:00:00','ROOM_TEMPERATURE',1500,_binary '\0',NULL),(186,103,10,100,'2025-02-16 21:27:53','성경우리쌀국수멸치밋','2025-05-16 00:00:00','ROOM_TEMPERATURE',1500,_binary '\0',NULL),(187,103,10,100,'2025-02-16 21:27:53','오뚜기/사골곰탕','2025-05-16 00:00:00','FRIDGE',1000,_binary '',NULL),(188,103,10,100,'2025-02-16 21:27:53','비빔국수','2025-05-16 00:00:00','ROOM_TEMPERATURE',1000,_binary '',NULL),(189,103,10,100,'2025-02-16 21:27:53','잔치국수','2025-05-16 00:00:00','ROOM_TEMPERATURE',1000,_binary '',NULL),(190,103,10,100,'2025-02-16 21:27:53','바지락칼국수','2025-05-16 00:00:00','FRIDGE',1000,_binary '',NULL),(191,104,5,20,'2025-02-16 22:49:07','실온보관임박인데','2025-02-17 00:00:00','ROOM_TEMPERATURE',5005,_binary '',NULL),(192,105,6,100,'2025-02-16 22:52:16','등록일 테스트','2025-02-28 00:00:00','FRIDGE',123213,_binary '',NULL),(193,106,6,100,'2025-02-16 22:53:14','구매일 테스트 2','2025-04-30 00:00:00','ROOM_TEMPERATURE',534534,_binary '',NULL),(194,107,7,0,'2025-02-16 22:53:58','구매일 테스트3','2025-02-19 00:00:00','ROOM_TEMPERATURE',32424,_binary '',NULL),(195,108,8,0,'2025-02-16 22:55:11','ㅇㅈㅂㅇㅈㅂㅇ','2025-02-21 00:00:00','FREEZER',21321,_binary '',NULL),(196,109,1,69,'2025-02-16 23:38:20','CJ/ 햇반컵반황태국밥','2025-02-21 00:00:00','ROOM_TEMPERATURE',10000,_binary '',NULL),(197,112,3,100,'2025-02-17 02:17:43','CJ/ 햇반컵반황태국밥','2025-02-19 00:00:00','FRIDGE',312312,_binary '',NULL),(198,113,5,100,'2025-02-17 03:06:36','CJ/ 햇반컵반황태국밥','2025-02-20 00:00:00','ROOM_TEMPERATURE',124567,_binary '',NULL),(199,113,6,100,'2025-02-17 03:06:36','참참참기름','2025-02-21 00:00:00','ROOM_TEMPERATURE',123556,_binary '',NULL),(200,114,4,100,'2025-02-17 03:21:21','CJ/ 햇반컵반황태국밥','2025-02-28 00:00:00','FRIDGE',123456,_binary '',NULL),(201,115,8,100,'2025-02-17 09:53:16','참참참기름','2025-02-27 00:00:00','FREEZER',233323,_binary '',NULL),(202,116,6,100,'2025-02-01 00:00:00','신라면','2025-02-28 00:00:00','ROOM_TEMPERATURE',123213,_binary '',NULL),(203,117,10,100,'2025-02-10 00:00:00','신라면','2025-02-11 00:00:00','FREEZER',123333,_binary '',NULL),(204,118,10,24,'2025-02-17 00:00:00','CJ/ 햇반컵반황태국밥','2025-02-18 00:00:00','ROOM_TEMPERATURE',76576,_binary '',NULL),(205,119,2,100,'2025-02-17 00:00:00','혁신','2025-02-18 00:00:00','ROOM_TEMPERATURE',122220,_binary '',NULL),(206,120,10,100,'2025-02-17 00:00:00','탠스택쿼리','2025-02-18 00:00:00','ROOM_TEMPERATURE',123123,_binary '',NULL),(207,121,8,100,'2025-02-17 00:00:00','새로고침','2025-02-18 00:00:00','FREEZER',222222,_binary '',NULL),(208,122,5,100,'2025-02-16 00:00:00','리페치 테스트','2025-02-21 00:00:00','ROOM_TEMPERATURE',123213,_binary '',NULL),(209,123,6,25,'2025-02-17 00:00:00','리페페페페치','2025-02-18 00:00:00','ROOM_TEMPERATURE',213123,_binary '',NULL),(210,124,4,100,'2025-02-17 00:00:00','청양고추','2025-02-20 00:00:00','FREEZER',13000,_binary '',NULL),(211,124,2,100,'2025-02-17 00:00:00','청양고추','2025-02-17 00:00:00','ROOM_TEMPERATURE',0,_binary '',NULL),(212,125,10,100,'2025-02-17 00:00:00','햇반컵반황태국밥','2025-05-17 00:00:00','ROOM_TEMPERATURE',3200,_binary '\0',NULL),(213,125,10,100,'2025-02-17 00:00:00','쌀떡국','2025-05-17 00:00:00','FRIDGE',2500,_binary '\0',NULL),(214,125,10,100,'2025-02-17 00:00:00','누룽지','2025-05-17 00:00:00','ROOM_TEMPERATURE',1500,_binary '\0',NULL),(215,125,10,100,'2025-02-17 00:00:00','미역국밥','2025-05-17 00:00:00','FRIDGE',3200,_binary '\0',NULL),(216,125,10,100,'2025-02-17 00:00:00','콘치즈','2025-05-17 00:00:00','FRIDGE',3200,_binary '\0',NULL),(217,125,10,100,'2025-02-17 00:00:00','야채죽','2025-05-17 00:00:00','FRIDGE',1600,_binary '\0',NULL),(218,125,10,100,'2025-02-17 00:00:00','우리쌀국수얼큰힌','2025-05-17 00:00:00','ROOM_TEMPERATURE',800,_binary '\0',NULL),(219,125,10,100,'2025-02-17 00:00:00','우리쌀국수멸치밋','2025-05-17 00:00:00','FRIDGE',1500,_binary '\0',NULL),(220,125,10,100,'2025-02-17 00:00:00','사골곰탕','2025-05-17 00:00:00','FRIDGE',1000,_binary '\0',NULL),(221,125,10,100,'2025-02-17 00:00:00','비빔국수','2025-05-17 00:00:00','FRIDGE',1000,_binary '\0',NULL),(222,125,10,100,'2025-02-17 00:00:00','잔치국수','2025-05-17 00:00:00','FRIDGE',1000,_binary '\0',NULL),(223,125,10,100,'2025-02-17 00:00:00','바지락칼국수','2025-05-17 00:00:00','FRIDGE',1000,_binary '',NULL),(224,125,10,100,'2025-02-17 00:00:00','CJ/ 햇반컵반황태국밥','2025-02-17 00:00:00','ROOM_TEMPERATURE',3200,_binary '',NULL),(225,125,10,100,'2025-02-17 00:00:00','성경/쌀떡국','2025-02-17 00:00:00','FRIDGE',2500,_binary '',NULL),(226,125,10,100,'2025-02-17 00:00:00','옛날구수한누룽지','2025-02-17 00:00:00','ROOM_TEMPERATURE',1500,_binary '',NULL),(227,125,10,100,'2025-02-17 00:00:00','미역국밥','2025-02-17 00:00:00','ROOM_TEMPERATURE',3200,_binary '',NULL),(228,125,10,100,'2025-02-17 00:00:00','동원양반야채죽','2025-02-17 00:00:00','ROOM_TEMPERATURE',1600,_binary '',NULL),(229,125,10,0,'2025-02-17 00:00:00','성경우리쌀국수얼큰한','2025-02-17 00:00:00','ROOM_TEMPERATURE',1500,_binary '',NULL),(230,125,10,100,'2025-02-17 00:00:00','성경우리쌀국수멸치맛','2025-02-17 00:00:00','ROOM_TEMPERATURE',1500,_binary '',NULL),(231,125,10,100,'2025-02-17 00:00:00','오뚜기/사골곰탕','2025-02-17 00:00:00','FRIDGE',1000,_binary '',NULL),(232,125,10,100,'2025-02-17 00:00:00','비빔국수','2025-02-17 00:00:00','ROOM_TEMPERATURE',1000,_binary '',NULL),(233,125,10,100,'2025-02-17 00:00:00','잔치국수','2025-02-17 00:00:00','ROOM_TEMPERATURE',1000,_binary '',NULL),(234,125,10,100,'2025-02-17 00:00:00','바지락칼국수','2025-02-17 00:00:00','FRIDGE',1000,_binary '',NULL),(235,126,10,100,'2025-02-17 00:00:00','두유','2025-02-17 00:00:00','FRIDGE',3600,_binary '',NULL),(236,126,4,100,'2025-02-17 00:00:00','우유','2025-02-17 00:00:00','FRIDGE',1750,_binary '',NULL),(237,126,5,100,'2025-02-17 00:00:00','수입돼지대패','2025-02-17 00:00:00','FRIDGE',6240,_binary '',NULL),(238,126,2,100,'2025-02-17 00:00:00','청양고추','2025-02-17 00:00:00','FRIDGE',1500,_binary '',NULL),(239,126,2,100,'2025-02-17 00:00:00','껏잎','2025-02-17 00:00:00','FRIDGE',1000,_binary '',NULL),(240,126,2,100,'2025-02-17 00:00:00','콩나물','2025-02-17 00:00:00','FRIDGE',1000,_binary '',NULL),(241,126,10,100,'2025-02-17 00:00:00','판두부','2025-02-17 00:00:00','FRIDGE',500,_binary '',NULL),(242,126,10,100,'2025-02-17 00:00:00','어묵','2025-02-17 00:00:00','FRIDGE',1000,_binary '',NULL),(243,127,5,100,'2025-02-18 09:00:00','냉동냉동','2025-02-20 00:00:00','FREEZER',200000,_binary '',NULL),(244,130,10,100,'2025-02-17 09:00:00','CJ/ 햇반컵반황태국밥','2025-02-17 00:00:00','FRIDGE',3200,_binary '',NULL),(245,130,10,100,'2025-02-17 09:00:00','성경/쌀떡국','2025-02-17 00:00:00','FRIDGE',2500,_binary '',NULL),(246,130,10,100,'2025-02-17 09:00:00','옛날구수한누룽지','2025-02-17 00:00:00','ROOM_TEMPERATURE',1500,_binary '',NULL),(247,130,10,100,'2025-02-17 09:00:00','미역국밥','2025-02-17 00:00:00','FRIDGE',3200,_binary '',NULL),(248,130,10,100,'2025-02-17 09:00:00','동원양반야채죽','2025-02-17 00:00:00','FRIDGE',1600,_binary '',NULL),(249,130,10,100,'2025-02-17 09:00:00','성경우리쌀국수얼큰힌','2025-02-17 00:00:00','ROOM_TEMPERATURE',1500,_binary '',NULL),(250,130,10,100,'2025-02-17 09:00:00','성경우리쌀국수멸치밋','2025-02-17 00:00:00','ROOM_TEMPERATURE',1500,_binary '',NULL),(251,130,10,100,'2025-02-17 09:00:00','오뚜기/사골곰탕','2025-02-17 00:00:00','FRIDGE',1000,_binary '',NULL),(252,130,10,100,'2025-02-17 09:00:00','비빔국수','2025-02-17 00:00:00','ROOM_TEMPERATURE',1000,_binary '',NULL),(253,130,10,100,'2025-02-17 09:00:00','잔치국수','2025-02-17 00:00:00','ROOM_TEMPERATURE',1000,_binary '',NULL),(254,130,10,100,'2025-02-17 09:00:00','바지락칼국수','2025-02-17 00:00:00','FRIDGE',1000,_binary '',NULL),(255,131,10,100,'2025-02-17 09:00:00','두유','2025-03-17 00:00:00','FRIDGE',3600,_binary '\0',NULL),(256,131,4,100,'2025-02-17 09:00:00','우유','2025-03-17 00:00:00','FRIDGE',1750,_binary '\0',NULL),(257,131,5,18,'2025-02-17 09:00:00','돼지고기','2025-04-17 00:00:00','FREEZER',6240,_binary '\0',NULL),(258,131,2,100,'2025-02-17 09:00:00','청양고추','2025-03-17 00:00:00','FRIDGE',1500,_binary '\0',NULL),(259,131,2,100,'2025-02-17 09:00:00','깻잎','2025-03-17 00:00:00','FRIDGE',1000,_binary '\0',NULL),(260,131,2,100,'2025-02-17 09:00:00','콩나물','2025-03-17 00:00:00','FRIDGE',1000,_binary '\0',NULL),(261,131,10,100,'2025-02-17 09:00:00','두부','2025-03-17 00:00:00','FRIDGE',500,_binary '\0',NULL),(262,131,10,100,'2025-02-17 09:00:00','어묵','2025-03-17 00:00:00','FRIDGE',1000,_binary '\0',NULL),(263,132,1,100,'2025-02-18 09:00:00','두유','2025-02-18 00:00:00','FREEZER',2423,_binary '\0',NULL),(264,134,10,100,'2025-02-18 09:00:00','빙그레: 캔디비','2025-02-18 00:00:00','ROOM_TEMPERATURE',500,_binary '\0',NULL),(265,134,10,100,'2025-02-18 09:00:00','매일호두와땅콩두유','2025-02-18 00:00:00','FRIDGE',3600,_binary '\0',NULL),(266,134,7,100,'2025-02-18 09:00:00','빙그레긋모닝 우유','2025-02-18 00:00:00','FRIDGE',1750,_binary '\0',NULL),(267,134,8,100,'2025-02-18 09:00:00','수입돼지대패삼','2025-02-18 00:00:00','FREEZER',48,_binary '\0',NULL),(268,134,9,100,'2025-02-18 09:00:00','청양고추','2025-02-18 00:00:00','FRIDGE',999999,_binary '\0',NULL),(269,134,9,100,'2025-02-18 09:00:00','껏잎','2025-02-18 00:00:00','FRIDGE',1000,_binary '\0',NULL),(270,134,9,100,'2025-02-18 09:00:00','강아삭콩나물','2025-02-18 00:00:00','FRIDGE',1000,_binary '\0',NULL),(271,134,10,100,'2025-02-18 09:00:00','판두부','2025-02-18 00:00:00','FRIDGE',500,_binary '\0',NULL),(272,134,5,100,'2025-02-18 09:00:00','씨부산어묵','2025-02-18 00:00:00','FRIDGE',1000,_binary '\0',NULL),(273,137,8,100,'2025-02-18 09:00:00','고기','2025-02-19 00:00:00','FREEZER',1222,_binary '','고기'),(274,138,10,100,'2025-02-18 09:00:00','드콘이몬드','2025-02-18 00:00:00','ROOM_TEMPERATURE',1000,_binary '','드콘이몬드'),(275,138,10,100,'2025-02-18 09:00:00','캔디비','2025-02-18 00:00:00','ROOM_TEMPERATURE',500,_binary '','비'),(276,138,7,100,'2025-02-18 09:00:00','두유','2025-06-18 00:00:00','FRIDGE',3600,_binary '','두유'),(277,138,7,100,'2025-02-18 09:00:00','우유','2025-06-18 00:00:00','FRIDGE',1750,_binary '','우유'),(278,138,8,100,'2025-02-18 09:00:00','돼지대패','2025-03-20 00:00:00','FRIDGE',6240,_binary '','대패'),(279,138,9,100,'2025-02-18 09:00:00','청양고추','2025-04-18 00:00:00','FRIDGE',1500,_binary '','청양고추'),(280,138,9,100,'2025-02-18 09:00:00','껏잎','2025-04-18 00:00:00','FRIDGE',1000,_binary '','껏잎'),(281,138,9,51,'2025-02-18 09:00:00','콩나물','2025-02-25 00:00:00','FRIDGE',1000,_binary '','콩나물'),(282,138,10,100,'2025-02-18 09:00:00','판두부','2025-03-25 00:00:00','FRIDGE',500,_binary '','두부'),(283,138,5,100,'2025-02-18 09:00:00','어묵','2025-04-18 00:00:00','FRIDGE',1000,_binary '','어묵'),(284,140,10,100,'2025-01-01 09:00:00','처음처럼/PET','2025-01-01 00:00:00','ROOM_TEMPERATURE',4850,_binary '\0','처음처럼'),(285,140,9,100,'2025-01-01 09:00:00','꽃상추','2025-02-01 00:00:00','FRIDGE',1980,_binary '\0','상추'),(286,140,10,100,'2025-01-01 09:00:00','팽이벼섯','2025-02-01 00:00:00','FRIDGE',980,_binary '\0','벼섯'),(287,140,10,100,'2025-01-01 09:00:00','양념돼지찜길','2025-01-01 00:00:00','ROOM_TEMPERATURE',15100,_binary '\0','돼지'),(288,140,10,100,'2025-01-01 09:00:00','김치손만두','2025-02-01 00:00:00','FRIDGE',15980,_binary '\0','만두'),(289,140,10,100,'2025-01-01 09:00:00','모듬구이','2025-01-01 00:00:00','FREEZER',23400,_binary '\0','구이'),(290,140,10,100,'2025-01-01 09:00:00','순백마늘','2025-02-01 00:00:00','FRIDGE',7800,_binary '\0','마늘'),(291,140,5,100,'2025-01-01 09:00:00','수알배기꽃게','2025-01-01 00:00:00','FRIDGE',15000,_binary '\0','꽃게'),(292,140,7,100,'2025-01-01 09:00:00','우유맛팜귄통','2025-02-01 00:00:00','FRIDGE',980,_binary '\0','통'),(293,140,10,100,'2025-01-01 09:00:00','비비고/적화참','2025-01-01 00:00:00','ROOM_TEMPERATURE',5480,_binary '\0','적'),(294,140,10,100,'2025-01-01 09:00:00','샐러트미인','2025-02-01 00:00:00','FRIDGE',13620,_binary '\0','샐러트미'),(295,140,8,100,'2025-01-01 09:00:00','수입돼지등갈비','2025-01-01 00:00:00','FREEZER',8920,_binary '\0','갈비'),(296,141,1,100,'2025-02-19 09:00:00','쌀','2025-12-31 00:00:00','ROOM_TEMPERATURE',50000,_binary '\0','쌀'),(297,142,4,100,'2025-02-19 09:00:00','달걀','2025-03-19 00:00:00','FRIDGE',7990,_binary '\0','달걀'),(298,143,8,100,'2025-01-01 09:00:00','돼지고기','2025-04-30 00:00:00','FREEZER',30000,_binary '\0','돼지고기'),(299,144,2,100,'2025-02-19 09:00:00','사과','2025-07-31 00:00:00','FRIDGE',0,_binary '\0','사과'),(300,145,2,100,'2025-02-19 09:00:00','레드향','2025-06-30 00:00:00','FREEZER',0,_binary '','향'),(301,146,2,100,'2025-02-19 09:00:00','레드향','2025-05-31 00:00:00','FRIDGE',0,_binary '\0','향'),(302,147,2,73,'2025-02-12 09:00:00','바나나','2025-02-28 00:00:00','ROOM_TEMPERATURE',5000,_binary '\0','바나나'),(303,148,6,100,'2025-02-19 09:00:00','김치','2025-02-20 00:00:00','FRIDGE',0,_binary '\0','김치'),(304,149,3,100,'2025-02-17 09:00:00','참참참기름','2025-02-22 00:00:00','ROOM_TEMPERATURE',213123,_binary '','참기름'),(305,150,10,100,'2025-02-19 09:00:00','CJ/ 햇반컵반황태국밥','2025-02-19 00:00:00','FRIDGE',3200,_binary '','국밥'),(306,150,10,100,'2025-02-19 09:00:00','성경/쌀떡국','2025-02-19 00:00:00','FRIDGE',2500,_binary '','떡국'),(307,150,10,100,'2025-02-19 09:00:00','옛날구수한누룽지','2025-02-19 00:00:00','ROOM_TEMPERATURE',1500,_binary '\0','누룽지'),(308,150,10,100,'2025-02-19 09:00:00','미역국밥','2025-02-19 00:00:00','FRIDGE',3200,_binary '','국밥'),(309,150,10,100,'2025-02-19 09:00:00','동원양반야채죽','2025-02-19 00:00:00','FRIDGE',1600,_binary '\0','죽'),(310,150,10,100,'2025-02-19 09:00:00','성경우리쌀국수얼큰힌','2025-02-19 00:00:00','ROOM_TEMPERATURE',1500,_binary '','힌'),(311,150,10,100,'2025-02-19 09:00:00','성경우리쌀국수멸치밋','2025-02-19 00:00:00','ROOM_TEMPERATURE',1500,_binary '','밋'),(312,150,10,100,'2025-02-19 09:00:00','오뚜기/사골곰탕','2025-02-19 00:00:00','FRIDGE',1000,_binary '','사골곰탕'),(313,150,10,100,'2025-02-19 09:00:00','비빔국수','2025-02-19 00:00:00','ROOM_TEMPERATURE',1000,_binary '','비빔국수'),(314,150,10,100,'2025-02-19 09:00:00','잔치국수','2025-02-19 00:00:00','ROOM_TEMPERATURE',1000,_binary '','잔치국수'),(315,150,10,100,'2025-02-19 09:00:00','바지락칼국수','2025-02-19 00:00:00','FRIDGE',1000,_binary '','칼국수'),(316,151,10,100,'2025-02-13 09:00:00','오뚜기 후추 45G','2025-02-13 00:00:00','ROOM_TEMPERATURE',3580,_binary '\0','후추'),(317,151,9,100,'2025-02-13 09:00:00','양파 [국산/1개]','2025-02-19 00:00:00','ROOM_TEMPERATURE',1190,_binary '\0','국산'),(318,151,10,100,'2025-02-13 09:00:00','해찬들 고기 전용 쌈장 200G','2025-02-13 00:00:00','FRIDGE',3400,_binary '\0','쌈장'),(319,151,9,100,'2025-02-13 09:00:00','국산 무농약숙주나물','2025-02-19 00:00:00','FRIDGE',1990,_binary '','숙주나물'),(320,151,9,100,'2025-02-13 09:00:00','유명산지 시금치남해/영해','2025-02-19 00:00:00','FRIDGE',3490,_binary '\0','영해'),(321,151,10,77,'2025-02-13 09:00:00','폰타나 베이컨 온 머쉬룸 크림 파스타소','2025-02-13 00:00:00','FRIDGE',11980,_binary '\0','소'),(322,151,10,52,'2025-02-13 09:00:00','크라운 화이트하임 284G','2025-02-13 00:00:00','ROOM_TEMPERATURE',4790,_binary '\0','화이트하임'),(323,151,10,100,'2025-02-13 09:00:00','크라운 초코하임 284G','2025-02-13 00:00:00','ROOM_TEMPERATURE',4790,_binary '','초코하임'),(324,152,10,49,'2025-02-19 09:00:00','김치','2028-06-06 00:00:00','FRIDGE',9990,_binary '\0','김치'),(325,153,4,68,'2025-02-19 09:00:00','풀무원 자유방목 동물복지 유정란','2025-02-19 00:00:00','FRIDGE',9990,_binary '\0','란'),(326,153,7,28,'2025-02-19 09:00:00','매일 후레쉬 오리지널 우유','2025-02-19 00:00:00','FRIDGE',5790,_binary '\0','우유'),(327,153,10,100,'2025-02-19 09:00:00','크라운 고소한 땅콩샌드','2025-05-19 00:00:00','ROOM_TEMPERATURE',3990,_binary '','땅콩샌드'),(328,153,10,100,'2025-02-19 09:00:00','크라운 초코하임','2025-05-19 00:00:00','ROOM_TEMPERATURE',4790,_binary '\0','초코하임'),(329,153,10,100,'2025-02-19 09:00:00','CJ 비비고 버터간장 김자반','2025-05-19 00:00:00','ROOM_TEMPERATURE',2745,_binary '\0','반'),(330,153,10,100,'2025-02-19 09:00:00','CJ비비고 한식간장 김자반','2025-05-19 00:00:00','ROOM_TEMPERATURE',2745,_binary '','반'),(331,153,10,100,'2025-02-19 09:00:00','동원 들기름김','2025-05-19 00:00:00','ROOM_TEMPERATURE',9990,_binary '\0','김'),(332,154,10,100,'2025-02-19 09:00:00','김치','2025-12-31 00:00:00','FRIDGE',0,_binary '\0','김치'),(333,155,5,100,'2025-02-19 09:00:00','돔','2025-05-31 00:00:00','FREEZER',0,_binary '\0','돔'),(334,158,10,100,'2025-02-19 09:00:00','딸기스무디','2025-02-19 00:00:00','FRIDGE',4000,_binary '\0','딸기스무디'),(335,158,10,100,'2025-02-19 09:00:00','얼그레이','2025-02-19 00:00:00','FRIDGE',2800,_binary '\0','얼그레이'),(336,158,10,100,'2025-02-19 09:00:00','스위티소금라떼','2025-02-19 00:00:00','FRIDGE',4300,_binary '\0','라떼'),(337,158,10,100,'2025-02-19 09:00:00','토마토요구르트스무디','2025-02-19 00:00:00','FRIDGE',9000,_binary '\0','스무디'),(338,158,10,100,'2025-02-19 09:00:00','바닐라쉐이크','2025-02-19 00:00:00','FRIDGE',4500,_binary '\0','쉐이크'),(339,158,10,100,'2025-02-19 09:00:00','카페라떼','2025-02-19 00:00:00','FRIDGE',6600,_binary '\0','카페라떼'),(340,158,10,100,'2025-02-19 09:00:00','디카페인 바나리카노','2025-02-19 00:00:00','FRIDGE',3900,_binary '\0','카노'),(341,158,10,100,'2025-02-19 09:00:00','레몬에이드','2025-02-19 00:00:00','FRIDGE',3800,_binary '\0','레몬에이드'),(342,158,10,100,'2025-02-19 09:00:00','미슷가루라떼','2025-02-19 00:00:00','FRIDGE',3500,_binary '\0','라떼'),(343,158,10,100,'2025-02-19 09:00:00','딸기쥬스','2025-02-19 00:00:00','FRIDGE',4000,_binary '\0','쥬스'),(344,158,10,100,'2025-02-19 09:00:00','망고쥬스','2025-02-19 00:00:00','FRIDGE',4000,_binary '\0','쥬스'),(345,158,10,100,'2025-02-19 09:00:00','레주청굴레몬스무디','2025-02-19 00:00:00','FRIDGE',4000,_binary '\0','스무디'),(346,158,10,100,'2025-02-19 09:00:00','NEW복숭아아이스티','2025-02-19 00:00:00','FRIDGE',4000,_binary '\0','아이스티'),(347,158,10,100,'2025-02-19 09:00:00','바닐라라떼','2025-02-19 00:00:00','FRIDGE',7600,_binary '\0','라떼'),(348,158,10,100,'2025-02-19 09:00:00','페퍼민트','2025-02-19 00:00:00','FRIDGE',2800,_binary '\0','페퍼민트'),(349,158,10,100,'2025-02-19 09:00:00','피스타치오카메라떼','2025-02-19 00:00:00','FRIDGE',4300,_binary '\0','떼'),(350,158,10,100,'2025-02-19 09:00:00','칼라는감귤티','2025-02-19 00:00:00','FRIDGE',3800,_binary '\0','티'),(351,158,10,100,'2025-02-19 09:00:00','NEW복숭아아이스티','2025-02-19 00:00:00','FRIDGE',3500,_binary '\0','아이스티'),(352,165,7,16,'2025-02-19 09:00:00','쌀','2025-02-28 00:00:00','FREEZER',1000,_binary '\0','쌀'),(353,166,6,39,'2025-02-19 09:00:00','고추장','2025-02-28 00:00:00','FREEZER',300,_binary '\0','고추장'),(354,167,9,44,'2025-02-19 09:00:00','수박','2025-02-28 00:00:00','FRIDGE',300,_binary '\0','수박'),(355,168,8,24,'2025-02-19 09:00:00','돼지고기','2025-02-19 00:00:00','FREEZER',1000,_binary '\0','돼지고기'),(356,169,1,100,'2025-02-17 09:00:00','시멘트','2026-08-06 00:00:00','FREEZER',120000,_binary '','시멘트'),(357,170,7,100,'2025-02-19 09:00:00','새우유','2025-03-20 00:00:00','FREEZER',3000,_binary '\0','우유'),(358,171,7,100,'2025-02-19 09:00:00','그냥우유','2025-03-30 00:00:00','FREEZER',2030,_binary '\0','우유'),(359,172,6,100,'2025-02-13 09:00:00','냉장고','2025-02-22 00:00:00','FRIDGE',150000,_binary '','냉장고'),(360,173,8,6,'2025-02-12 09:00:00','대패삼겹살','2025-02-26 00:00:00','FREEZER',15000,_binary '\0','삼겹살'),(361,173,9,39,'2025-02-12 09:00:00','알배추','2025-02-26 00:00:00','FRIDGE',5000,_binary '\0','배추'),(362,173,10,47,'2025-02-12 09:00:00','두부','2025-02-26 00:00:00','FRIDGE',3000,_binary '\0','두부'),(363,173,6,54,'2025-02-12 09:00:00','찌개용된장','2025-11-20 00:00:00','FRIDGE',8000,_binary '\0','된장'),(364,173,1,25,'2025-02-12 09:00:00','감자','2025-02-26 00:00:00','ROOM_TEMPERATURE',1000,_binary '\0','감자'),(365,174,3,100,'2025-02-18 09:00:00','휘발유','2025-02-28 00:00:00','ROOM_TEMPERATURE',50000,_binary '','휘발유'),(366,175,10,100,'2025-02-04 09:00:00','다이아몬드','2027-10-30 00:00:00','FREEZER',999999,_binary '\0','다이아몬드'),(367,176,10,100,'2025-02-19 09:00:00','처음처럼','2025-02-26 00:00:00','ROOM_TEMPERATURE',3990,_binary '','처음처럼'),(368,176,2,31,'2025-02-19 09:00:00','배','2025-02-26 00:00:00','FRIDGE',12000,_binary '\0','배'),(369,176,9,12,'2025-02-19 09:00:00','팽이버섯','2025-01-26 00:00:00','FRIDGE',1300,_binary '','팽이버섯'),(370,176,10,27,'2025-02-19 09:00:00','쌈무와사비맛','2025-03-26 00:00:00','ROOM_TEMPERATURE',3840,_binary '\0','맛'),(371,176,8,55,'2025-02-19 09:00:00','로컬푸드채끌/1+등급/구이','2025-01-26 00:00:00','FRIDGE',48840,_binary '\0','구이'),(372,176,9,34,'2025-02-19 09:00:00','돌미나리','2025-02-26 00:00:00','FRIDGE',5500,_binary '\0','미나리'),(373,176,8,100,'2025-02-19 09:00:00','로컬푸드항정살','2025-06-26 00:00:00','FREEZER',21600,_binary '\0','항정살'),(374,177,10,66,'2025-01-15 09:00:00','팔도비빔면','2025-05-21 00:00:00','ROOM_TEMPERATURE',9900,_binary '\0','비빔면'),(375,177,2,63,'2025-01-15 09:00:00','냉동블루베리','2025-08-19 00:00:00','FREEZER',12600,_binary '\0','블루베리'),(376,177,5,100,'2025-01-15 09:00:00','칵테일새우','2025-05-26 00:00:00','FREEZER',22000,_binary '\0','새우'),(377,178,8,100,'2025-02-19 09:00:00','삼겹살','2025-02-28 00:00:00','FRIDGE',1000000,_binary '\0','삼겹살'),(378,179,10,100,'2025-02-19 09:00:00','캔디비','2025-02-19 00:00:00','ROOM_TEMPERATURE',500,_binary '','비'),(379,179,7,100,'2025-02-19 09:00:00','매일호두와땅콩두유','2025-03-05 00:00:00','FRIDGE',3600,_binary '','두유'),(380,179,7,100,'2025-02-19 09:00:00','우유','2025-02-19 00:00:00','FRIDGE',1750,_binary '','우유'),(381,179,10,100,'2025-02-19 09:00:00','수입돼지대패삼','2025-03-05 00:00:00','FRIDGE',6240,_binary '','삼'),(382,179,9,100,'2025-02-19 09:00:00','청양고추','2025-03-12 00:00:00','FRIDGE',1500,_binary '','청양고추'),(383,179,9,100,'2025-02-19 09:00:00','껏잎','2025-03-12 00:00:00','FRIDGE',1000,_binary '','껏잎'),(384,179,9,100,'2025-02-19 09:00:00','강아삭콩나물','2025-02-26 00:00:00','FRIDGE',1000,_binary '','콩나물'),(385,179,10,100,'2025-02-19 09:00:00','판두부','2025-03-05 00:00:00','FRIDGE',500,_binary '','두부'),(386,179,10,100,'2025-02-19 09:00:00','씨부산어묵','2025-03-05 00:00:00','FRIDGE',1000,_binary '','어묵'),(387,180,8,100,'2025-02-19 09:00:00','소시지','2025-02-19 00:00:00','FRIDGE',5000,_binary '','소시지'),(388,180,10,100,'2025-02-19 09:00:00','맥주','2025-03-19 00:00:00','ROOM_TEMPERATURE',2000,_binary '\0','맥주'),(389,180,10,100,'2025-02-19 09:00:00','커피','2026-02-19 00:00:00','ROOM_TEMPERATURE',8000,_binary '\0','커피'),(390,181,1,100,'2025-02-19 09:00:00','CJ/ 햇반컵반황태국밥','2025-02-19 00:00:00','ROOM_TEMPERATURE',3200,_binary '\0','국밥'),(391,181,10,100,'2025-02-19 09:00:00','성경/쌀떡국','2025-02-19 00:00:00','FRIDGE',2500,_binary '\0','떡국'),(392,181,10,100,'2025-02-19 09:00:00','옛날구수한누룽지','2025-02-19 00:00:00','ROOM_TEMPERATURE',1500,_binary '\0','누룽지'),(393,181,10,100,'2025-02-19 09:00:00','미역국밥','2025-02-19 00:00:00','FRIDGE',3200,_binary '\0','국밥'),(394,181,10,64,'2025-02-19 09:00:00','동원양반야채죽','2025-02-19 00:00:00','FRIDGE',1600,_binary '\0','죽'),(395,181,1,100,'2025-02-19 09:00:00','성경우리쌀국수얼큰힌','2025-02-20 00:00:00','ROOM_TEMPERATURE',800,_binary '\0','힌'),(396,181,1,100,'2025-02-19 09:00:00','성경우리쌀국수멸치밋','2025-02-19 00:00:00','ROOM_TEMPERATURE',800,_binary '\0','밋'),(397,181,1,100,'2025-02-19 09:00:00','비빔국수','2025-02-26 00:00:00','ROOM_TEMPERATURE',1000,_binary '\0','비빔국수'),(398,181,1,100,'2025-02-19 09:00:00','잔치국수','2025-02-19 00:00:00','ROOM_TEMPERATURE',1000,_binary '\0','잔치국수'),(399,181,10,100,'2025-02-19 09:00:00','바지락칼국수','2025-02-19 00:00:00','FRIDGE',1000,_binary '\0','칼국수'),(400,183,9,100,'2025-02-20 09:00:00','시금치','2025-02-21 00:00:00','FRIDGE',2000,_binary '','시금치'),(401,184,8,100,'2025-02-20 09:00:00','특가세일 삼겹살','2025-02-20 00:00:00','FRIDGE',10000,_binary '','삼겹살'),(402,185,10,100,'2025-02-20 09:00:00','농심 신라면 소비기한 많이 남음','2026-01-18 00:00:00','ROOM_TEMPERATURE',20000,_binary '','기한'),(403,186,10,100,'2024-12-31 09:00:00','신라면','2025-01-01 00:00:00','ROOM_TEMPERATURE',1234,_binary '','신라면'),(404,187,10,100,'2024-12-31 09:00:00','CJ/ 햇반컵반황태국밥','2025-02-03 00:00:00','FREEZER',26666,_binary '','국밥'),(405,188,8,100,'2024-10-08 09:00:00','옛날에 구입한 고기','2025-01-09 00:00:00','FREEZER',22414,_binary '','고기'),(406,189,3,100,'2024-10-01 09:00:00','참참참기름','2025-02-19 00:00:00','ROOM_TEMPERATURE',1004,_binary '','참기름'),(407,190,10,100,'2024-07-09 09:00:00','신라면','2025-02-19 00:00:00','ROOM_TEMPERATURE',122222,_binary '','신라면'),(408,191,10,100,'2024-12-31 09:00:00','참','2025-01-02 00:00:00','ROOM_TEMPERATURE',1234,_binary '',''),(409,192,1,100,'2024-12-31 09:00:00','CJ/ 햇반컵반황태국밥','2025-01-01 00:00:00','FREEZER',20000,_binary '','국밥'),(410,193,9,49,'2025-02-08 09:00:00','양배추','2025-03-08 00:00:00','FRIDGE',3700,_binary '\0','양배추'),(411,194,10,1,'2025-02-20 09:00:00','신라면','2025-02-21 00:00:00','FREEZER',21234,_binary '','신라면'),(412,195,10,100,'2025-02-20 09:00:00','CJ/ 햇반컵반황태국밥','2025-05-20 00:00:00','FRIDGE',9600,_binary '','국밥'),(413,195,10,100,'2025-02-20 09:00:00','성경/쌀떡국','2025-05-20 00:00:00','FRIDGE',2500,_binary '','떡국'),(414,195,10,100,'2025-02-20 09:00:00','옛날구수한누룽지','2025-05-20 00:00:00','ROOM_TEMPERATURE',1500,_binary '','누룽지'),(415,195,10,100,'2025-02-20 09:00:00','미역국밥','2025-05-20 00:00:00','FRIDGE',3200,_binary '','국밥'),(416,195,10,100,'2025-02-20 09:00:00','동원양반야채죽','2025-05-20 00:00:00','FRIDGE',1600,_binary '','죽'),(417,195,10,100,'2025-02-20 09:00:00','성경우리쌀국수얼큰힌','2025-05-20 00:00:00','ROOM_TEMPERATURE',1500,_binary '','힌'),(418,195,10,100,'2025-02-20 09:00:00','성경우리쌀국수멸치밋','2025-05-20 00:00:00','ROOM_TEMPERATURE',1500,_binary '\0','밋'),(419,195,10,100,'2025-02-20 09:00:00','오뚜기/사골곰탕','2025-05-20 00:00:00','FRIDGE',1000,_binary '','사골곰탕'),(420,195,10,100,'2025-02-20 09:00:00','비빔국수','2025-05-20 00:00:00','ROOM_TEMPERATURE',1000,_binary '','비빔국수'),(421,195,10,100,'2025-02-20 09:00:00','잔치국수','2025-05-20 00:00:00','ROOM_TEMPERATURE',1000,_binary '\0','잔치국수'),(422,195,10,100,'2025-02-20 09:00:00','바지락칼국수','2025-05-20 00:00:00','FRIDGE',1000,_binary '','칼국수'),(423,196,1,95,'2025-01-30 09:00:00','국산 쌀 10kg','2026-01-30 00:00:00','ROOM_TEMPERATURE',22000,_binary '\0','쌀'),(424,196,3,78,'2025-01-30 09:00:00','카놀라유 1L','2025-06-30 00:00:00','ROOM_TEMPERATURE',5500,_binary '\0','유'),(425,196,4,31,'2025-01-30 09:00:00','맥반석 구운 계란','2025-03-02 00:00:00','FRIDGE',9600,_binary '\0','계란'),(426,196,6,61,'2025-01-30 09:00:00','고추장','2026-01-30 00:00:00','FRIDGE',4800,_binary '\0','고추장'),(427,196,7,100,'2025-01-30 09:00:00','비요뜨 6개입','2025-02-13 00:00:00','FRIDGE',11200,_binary '\0','입'),(428,197,9,88,'2025-02-19 09:00:00','콩나물 500g','2025-02-26 00:00:00','FRIDGE',2000,_binary '\0','콩나물'),(429,197,3,79,'2025-02-19 09:00:00','참기름','2026-02-19 00:00:00','ROOM_TEMPERATURE',9900,_binary '\0','참기름'),(430,197,1,83,'2025-02-19 09:00:00','렌틸콩 1kg','2025-06-27 00:00:00','ROOM_TEMPERATURE',5600,_binary '\0','렌틸콩'),(431,197,5,50,'2025-02-19 09:00:00','냉동오징어','2026-02-02 00:00:00','FREEZER',13000,_binary '\0','오징어'),(432,197,9,100,'2025-02-19 09:00:00','양배추','2025-03-20 00:00:00','FRIDGE',3400,_binary '\0','양배추'),(433,197,4,74,'2025-02-19 09:00:00','신선란 15구','2025-02-28 00:00:00','FRIDGE',6600,_binary '\0','구'),(434,197,7,100,'2025-02-19 09:00:00','메일우유','2025-02-28 00:00:00','FRIDGE',3000,_binary '\0','우유'),(435,198,1,91,'2024-12-12 09:00:00','찹쌀 1kg','2025-04-16 00:00:00','ROOM_TEMPERATURE',0,_binary '\0','찹쌀'),(436,198,4,100,'2024-12-12 09:00:00','계란 30구','2024-12-24 00:00:00','FRIDGE',8900,_binary '\0','구'),(437,198,9,100,'2024-12-12 09:00:00','대파 1단','2024-12-31 00:00:00','FRIDGE',2400,_binary '\0','단'),(438,198,10,100,'2024-12-12 09:00:00','순두부 1kg','2025-01-03 00:00:00','FRIDGE',3400,_binary '','순두부'),(439,200,10,100,'2025-02-20 09:00:00','처음처럼','2025-01-26 00:00:00','FRIDGE',3990,_binary '','처음처럼'),(440,200,2,100,'2025-02-20 09:00:00','배','2025-02-20 00:00:00','FRIDGE',12000,_binary '','배'),(441,200,9,100,'2025-02-20 09:00:00','팽이버섯','2025-02-20 00:00:00','FRIDGE',1300,_binary '','팽이버섯'),(442,200,10,100,'2025-02-20 09:00:00','쌈무와사비맛','2025-02-20 00:00:00','FRIDGE',760,_binary '','맛'),(443,200,8,53,'2025-02-20 09:00:00','로컬푸드채꼴/구이','2025-02-20 00:00:00','FRIDGE',48840,_binary '','구이'),(444,200,9,100,'2025-02-20 09:00:00','돌미나리','2025-02-20 00:00:00','FRIDGE',27500,_binary '','미나리'),(445,200,8,100,'2025-02-20 09:00:00','항정살','2025-02-20 00:00:00','FRIDGE',21600,_binary '','항정살'),(446,200,10,100,'2025-02-20 09:00:00','CJ/ 햇반컵반황태국밥','2025-02-20 00:00:00','FRIDGE',9600,_binary '','국밥'),(447,200,10,100,'2025-02-20 09:00:00','성경/쌀떡국','2025-02-20 00:00:00','FRIDGE',2500,_binary '','떡국'),(448,200,10,100,'2025-02-20 09:00:00','옛날구수한누룽지','2025-02-20 00:00:00','ROOM_TEMPERATURE',1500,_binary '','누룽지'),(449,200,10,100,'2025-02-20 09:00:00','미역국밥','2025-02-20 00:00:00','FRIDGE',3200,_binary '','국밥'),(450,200,10,100,'2025-02-20 09:00:00','동원양반야채죽','2025-02-20 00:00:00','FRIDGE',1600,_binary '','죽'),(451,200,10,100,'2025-02-20 09:00:00','성경우리쌀국수얼큰힌','2025-02-20 00:00:00','ROOM_TEMPERATURE',1500,_binary '\0','힌'),(452,200,10,100,'2025-02-20 09:00:00','성경우리쌀국수멸치밋','2025-02-20 00:00:00','ROOM_TEMPERATURE',1500,_binary '','밋'),(453,200,10,100,'2025-02-20 09:00:00','오뚜기/사골곰탕','2025-02-20 00:00:00','FRIDGE',1000,_binary '','사골곰탕'),(454,200,10,100,'2025-02-20 09:00:00','비빔국수','2025-02-20 00:00:00','ROOM_TEMPERATURE',1000,_binary '\0','비빔국수'),(455,200,10,100,'2025-02-20 09:00:00','잔치국수','2025-02-20 00:00:00','ROOM_TEMPERATURE',1000,_binary '\0','잔치국수'),(456,200,10,100,'2025-02-20 09:00:00','바지락칼국수','2025-02-20 00:00:00','FRIDGE',1000,_binary '','칼국수'),(457,200,10,100,'2025-02-20 09:00:00','CJ/ 햇반컵반황태국밥','2025-02-20 00:00:00','FRIDGE',9600,_binary '','국밥'),(458,200,10,100,'2025-02-20 09:00:00','성경/쌀떡국153g','2025-02-20 00:00:00','FRIDGE',2500,_binary '','떡국'),(459,200,10,100,'2025-02-20 09:00:00','옛날구수한누룽지60g','2025-02-20 00:00:00','ROOM_TEMPERATURE',1500,_binary '','누룽지'),(460,200,10,100,'2025-02-20 09:00:00','미역국밥166','2025-02-20 00:00:00','FRIDGE',3200,_binary '','국밥'),(461,200,10,100,'2025-02-20 09:00:00','동원양반야채죽288g','2025-02-20 00:00:00','FRIDGE',1600,_binary '','죽'),(462,200,10,100,'2025-02-20 09:00:00','성경우리쌀국수얼큰힌','2025-02-20 00:00:00','ROOM_TEMPERATURE',1500,_binary '','힌'),(463,200,10,100,'2025-02-20 09:00:00','성경우리쌀국수멸치밋','2025-02-20 00:00:00','ROOM_TEMPERATURE',1500,_binary '','밋'),(464,200,10,100,'2025-02-20 09:00:00','오뚜기/사골곰탕350g','2025-02-20 00:00:00','FRIDGE',1000,_binary '','사골곰탕'),(465,200,10,100,'2025-02-20 09:00:00','비빔국수151g','2025-02-20 00:00:00','FRIDGE',1000,_binary '','비빔국수'),(466,200,10,100,'2025-02-20 09:00:00','잔치국수113g','2025-02-20 00:00:00','ROOM_TEMPERATURE',1000,_binary '\0','잔치국수'),(467,200,10,100,'2025-02-20 09:00:00','바지락칼국수111g','2025-02-20 00:00:00','FRIDGE',1000,_binary '','칼국수'),(468,200,10,100,'2025-02-20 09:00:00','CJ/ 햇반컵반황태국밥','2025-05-20 00:00:00','FRIDGE',9600,_binary '','국밥'),(469,200,10,100,'2025-02-20 09:00:00','성경/쌀떡국','2025-05-20 00:00:00','FRIDGE',2500,_binary '','떡국'),(470,200,10,100,'2025-02-20 09:00:00','옛날구수한누룽지','2025-05-20 00:00:00','ROOM_TEMPERATURE',1500,_binary '','누룽지'),(471,200,10,100,'2025-02-20 09:00:00','미역국밥','2025-05-20 00:00:00','FRIDGE',3200,_binary '','국밥'),(472,200,10,100,'2025-02-20 09:00:00','동원양반야채죽','2025-05-20 00:00:00','FRIDGE',1600,_binary '','죽'),(473,200,10,100,'2025-02-20 09:00:00','성경우리쌀국수얼큰힌','2025-05-20 00:00:00','ROOM_TEMPERATURE',1500,_binary '','힌'),(474,200,10,100,'2025-02-20 09:00:00','성경우리쌀국수멸치밋','2025-05-20 00:00:00','ROOM_TEMPERATURE',1500,_binary '','밋'),(475,200,10,100,'2025-02-20 09:00:00','오뚜기/사골곰탕','2025-05-20 00:00:00','FRIDGE',1000,_binary '','사골곰탕'),(476,200,10,100,'2025-02-20 09:00:00','비빔국수','2025-05-20 00:00:00','ROOM_TEMPERATURE',1000,_binary '','비빔국수'),(477,200,10,100,'2025-02-20 09:00:00','잔치국수','2025-05-20 00:00:00','ROOM_TEMPERATURE',1000,_binary '','잔치국수'),(478,200,10,100,'2025-02-20 09:00:00','바지락칼국수','2025-05-20 00:00:00','FRIDGE',1000,_binary '','칼국수'),(479,201,10,100,'2025-01-26 09:00:00','처음처럼','2025-01-26 00:00:00','ROOM_TEMPERATURE',3990,_binary '','처음처럼'),(480,201,2,100,'2025-01-26 09:00:00','배','2025-02-20 00:00:00','FRIDGE',12000,_binary '','배'),(481,201,9,100,'2025-01-26 09:00:00','팽이버섯','2025-02-20 00:00:00','FRIDGE',1300,_binary '','팽이버섯'),(482,201,10,100,'2025-01-26 09:00:00','쌈무와사비맛','2025-02-20 00:00:00','FRIDGE',760,_binary '','맛'),(483,201,8,100,'2025-01-26 09:00:00','로컬푸드채꼴/1+등급/구이','2025-02-20 00:00:00','FRIDGE',48840,_binary '','구이'),(484,201,9,100,'2025-01-26 09:00:00','돌미나리','2025-02-20 00:00:00','FRIDGE',27500,_binary '','미나리'),(485,201,8,100,'2025-01-26 09:00:00','로컬푸드 항정살','2025-02-20 00:00:00','FRIDGE',21600,_binary '','항정살'),(486,202,10,100,'2025-01-26 09:00:00','처음처럼','2025-01-26 00:00:00','ROOM_TEMPERATURE',3990,_binary '','처음처럼'),(487,202,2,100,'2025-01-26 09:00:00','배','2025-02-20 00:00:00','FRIDGE',12000,_binary '','배'),(488,202,9,100,'2025-01-26 09:00:00','팽이버섯','2025-02-20 00:00:00','FRIDGE',1300,_binary '','팽이버섯'),(489,202,10,100,'2025-01-26 09:00:00','쌈무와사비맛','2025-02-20 00:00:00','FRIDGE',760,_binary '','맛'),(490,202,8,100,'2025-01-26 09:00:00','로컬푸드채꼴/1+등급/구이','2025-02-20 00:00:00','FRIDGE',48840,_binary '','구이'),(491,202,9,100,'2025-01-26 09:00:00','돌미나리','2025-02-20 00:00:00','FRIDGE',27500,_binary '','미나리'),(492,202,8,100,'2025-01-26 09:00:00','로컬푸드 항정살','2025-02-20 00:00:00','FRIDGE',21600,_binary '','항정살'),(493,203,10,100,'2025-01-26 09:00:00','P처움처럼16 5% 1800m 18L','2025-01-26 00:00:00','FRIDGE',3990,_binary '','처움'),(494,203,2,100,'2025-01-26 09:00:00','P배','2025-02-20 00:00:00','FRIDGE',12000,_binary '','배'),(495,203,9,100,'2025-01-26 09:00:00','P팽이버섯','2025-02-20 00:00:00','FRIDGE',1300,_binary '','팽이버섯'),(496,203,10,100,'2025-01-26 09:00:00','우하선정쌈무와사비맛','2025-02-20 00:00:00','FRIDGE',760,_binary '','맛'),(497,203,8,100,'2025-01-26 09:00:00','로컬푸드채꼴/ 1+등급/구이','2025-02-20 00:00:00','FRIDGE',48840,_binary '','구이'),(498,203,9,100,'2025-01-26 09:00:00','P돌미나리','2025-02-20 00:00:00','FRIDGE',5500,_binary '','미나리'),(499,203,8,100,'2025-01-26 09:00:00','로컬푸드 항정살 3g/박스','2025-02-20 00:00:00','FRIDGE',21600,_binary '','박스'),(500,204,10,100,'2025-01-25 09:00:00','그저움처럼','2025-01-25 00:00:00','FRIDGE',3990,_binary '','움'),(501,204,2,100,'2025-01-25 09:00:00','배','2025-02-20 00:00:00','FRIDGE',12000,_binary '','배'),(502,204,9,100,'2025-01-25 09:00:00','팽이버섯','2025-02-20 00:00:00','FRIDGE',1300,_binary '','팽이버섯'),(503,204,10,100,'2025-01-25 09:00:00','쌈무와사비맛','2025-02-20 00:00:00','FRIDGE',4760,_binary '','맛'),(504,204,10,100,'2025-01-25 09:00:00','재관/1급 구이','2025-02-20 00:00:00','FRIDGE',48840,_binary '','구이'),(505,204,9,100,'2025-01-25 09:00:00','돌미나리','2025-02-20 00:00:00','FRIDGE',5500,_binary '','미나리'),(506,204,10,100,'2025-01-25 09:00:00','함정살','2025-02-20 00:00:00','FREEZER',21600,_binary '','살'),(507,205,6,100,'2025-02-20 09:00:00','다진마늘','2025-02-20 00:00:00','FREEZER',0,_binary '\0','마늘'),(508,206,10,0,'2025-02-20 09:00:00','CJ/ 햇반컵반황태국밥','2025-05-20 00:00:00','FRIDGE',9600,_binary '','국밥'),(509,206,10,50,'2025-02-20 09:00:00','성경/쌀떡국153g','2025-05-20 00:00:00','FRIDGE',2500,_binary '','떡국'),(510,206,10,100,'2025-02-20 09:00:00','옛날구수한누룽지60g','2025-05-20 00:00:00','ROOM_TEMPERATURE',1500,_binary '\0','누룽지'),(511,206,10,100,'2025-02-20 09:00:00','미역국밥166','2025-05-20 00:00:00','FRIDGE',3200,_binary '\0','국밥'),(512,206,10,100,'2025-02-20 09:00:00','동원양반야채죽288g','2025-05-20 00:00:00','FRIDGE',1600,_binary '\0','죽'),(513,206,10,100,'2025-02-20 09:00:00','성경우리쌀국수얼큰힌','2025-05-20 00:00:00','ROOM_TEMPERATURE',1500,_binary '\0','힌'),(514,206,10,100,'2025-02-20 09:00:00','성경우리쌀국수멸치밋','2025-05-20 00:00:00','ROOM_TEMPERATURE',1500,_binary '\0','밋'),(515,206,10,100,'2025-02-20 09:00:00','오뚜기/사골곰탕350g','2025-05-20 00:00:00','FRIDGE',1000,_binary '\0','사골곰탕'),(516,206,10,100,'2025-02-20 09:00:00','비빔국수151g','2025-05-20 00:00:00','FRIDGE',1000,_binary '\0','비빔국수'),(517,206,10,100,'2025-02-20 09:00:00','잔치국수113g','2025-05-20 00:00:00','ROOM_TEMPERATURE',1000,_binary '\0','잔치국수'),(518,206,10,100,'2025-02-20 09:00:00','바지락칼국수111g','2025-05-20 00:00:00','FRIDGE',1000,_binary '\0','칼국수'),(519,207,10,100,'2025-01-26 09:00:00','처음처럼','2025-01-26 00:00:00','ROOM_TEMPERATURE',3990,_binary '\0','처음처럼'),(520,207,2,100,'2025-01-26 09:00:00','배','2025-02-20 00:00:00','FRIDGE',12000,_binary '\0','배'),(521,207,9,100,'2025-01-26 09:00:00','팽이버섯','2025-02-20 00:00:00','FRIDGE',1300,_binary '\0','팽이버섯'),(522,207,10,100,'2025-01-26 09:00:00','쌈무와사비맛','2025-02-20 00:00:00','FRIDGE',760,_binary '\0','맛'),(523,207,8,100,'2025-01-26 09:00:00','로컬푸드채꼴/1+등급/구이','2025-02-20 00:00:00','FRIDGE',48840,_binary '\0','구이'),(524,207,9,100,'2025-01-26 09:00:00','돌미나리','2025-02-20 00:00:00','FRIDGE',27500,_binary '\0','미나리'),(525,207,8,100,'2025-01-26 09:00:00','로컬푸드 항정살','2025-02-20 00:00:00','FRIDGE',21600,_binary '\0','항정살'),(526,208,10,100,'2025-02-20 09:00:00','롯데울 드콘이몬드','2025-02-20 00:00:00','ROOM_TEMPERATURE',1000,_binary '','드콘이몬드'),(527,208,10,100,'2025-02-20 09:00:00','캔디비','2025-02-20 00:00:00','ROOM_TEMPERATURE',500,_binary '','비'),(528,208,10,100,'2025-02-20 09:00:00','매일호두와땅콩두유','2025-02-20 00:00:00','FRIDGE',10800,_binary '','두유'),(529,208,7,100,'2025-02-20 09:00:00','긋모닝 우유','2025-02-20 00:00:00','FRIDGE',1750,_binary '','우유'),(530,208,8,100,'2025-02-20 09:00:00','돼지대패삼','2025-02-20 00:00:00','FRIDGE',6240,_binary '','삼'),(531,208,9,100,'2025-02-20 09:00:00','청양고추','2025-02-20 00:00:00','FRIDGE',1500,_binary '','청양고추'),(532,208,9,100,'2025-02-20 09:00:00','껏잎','2025-02-20 00:00:00','FRIDGE',1000,_binary '','껏잎'),(533,208,9,100,'2025-02-20 09:00:00','강아삭콩나물','2025-02-20 00:00:00','FRIDGE',1000,_binary '','콩나물'),(534,208,10,100,'2025-02-20 09:00:00','판두부','2025-02-20 00:00:00','FRIDGE',500,_binary '','두부'),(535,208,10,100,'2025-02-20 09:00:00','처음처럼','2025-02-20 00:00:00','ROOM_TEMPERATURE',1080,_binary '','처음처럼'),(536,208,5,100,'2025-02-20 09:00:00','부산어묵','2025-02-20 00:00:00','FRIDGE',1000,_binary '','어묵'),(537,209,2,100,'2025-01-25 09:00:00','배','2025-02-25 00:00:00','FRIDGE',12000,_binary '','배'),(538,209,9,100,'2025-01-25 09:00:00','팽이버섯','2025-02-25 00:00:00','FRIDGE',1300,_binary '','팽이버섯'),(539,209,10,100,'2025-01-25 09:00:00','쌈무와사비맛','2025-02-25 00:00:00','FRIDGE',4760,_binary '','맛'),(540,209,10,100,'2025-01-25 09:00:00','재관/1급 구이','2025-02-25 00:00:00','FRIDGE',48840,_binary '\0','구이'),(541,209,9,100,'2025-01-25 09:00:00','돌미나리','2025-02-25 00:00:00','FRIDGE',5500,_binary '','미나리'),(542,209,10,100,'2025-01-25 09:00:00','함정살','2025-02-25 00:00:00','FRIDGE',21600,_binary '\0','살'),(543,210,10,100,'2025-01-25 09:00:00','그저움처럼','2025-01-25 00:00:00','FRIDGE',3990,_binary '\0','움'),(544,210,2,100,'2025-01-25 09:00:00','배','2025-02-20 00:00:00','FRIDGE',12000,_binary '\0','배'),(545,210,9,100,'2025-01-25 09:00:00','팽이버섯','2025-02-20 00:00:00','FRIDGE',1300,_binary '\0','팽이버섯'),(546,210,10,100,'2025-01-25 09:00:00','쌈무와사비맛','2025-02-20 00:00:00','FRIDGE',4760,_binary '\0','맛'),(547,210,10,100,'2025-01-25 09:00:00','재관/1급 구이','2025-02-20 00:00:00','FRIDGE',48840,_binary '\0','구이'),(548,210,9,100,'2025-01-25 09:00:00','돌미나리','2025-02-20 00:00:00','FRIDGE',5500,_binary '\0','미나리'),(549,210,8,100,'2025-01-25 09:00:00','함정살','2025-02-20 00:00:00','FRIDGE',21600,_binary '\0','살'),(550,211,10,100,'2025-01-25 09:00:00','그저움처럼','2025-01-25 00:00:00','FRIDGE',3990,_binary '\0','움'),(551,211,2,100,'2025-01-25 09:00:00','배','2025-02-20 00:00:00','FRIDGE',12000,_binary '\0','배'),(552,211,9,100,'2025-01-25 09:00:00','팽이버섯','2025-02-20 00:00:00','FRIDGE',1300,_binary '\0','팽이버섯'),(553,211,10,100,'2025-01-25 09:00:00','쌈무와사비맛','2025-02-20 00:00:00','FRIDGE',4760,_binary '\0','맛'),(554,211,10,100,'2025-01-25 09:00:00','재관/1급 구이','2025-01-25 00:00:00','FRIDGE',48840,_binary '\0','구이'),(555,211,9,100,'2025-01-25 09:00:00','돌미나리','2025-02-20 00:00:00','FRIDGE',5500,_binary '\0','미나리'),(556,211,10,100,'2025-01-25 09:00:00','함정살','2025-01-25 00:00:00','FREEZER',21600,_binary '\0','살'),(557,212,10,100,'2025-02-20 09:00:00','CJ/햇반컵반황태국밥','2025-02-20 00:00:00','FRIDGE',3200,_binary '\0','국밥'),(558,212,10,100,'2025-02-20 09:00:00','성경/쌀떡국','2025-02-20 00:00:00','FRIDGE',2500,_binary '\0','떡국'),(559,212,10,100,'2025-02-20 09:00:00','옛날구수한누룽지','2025-02-20 00:00:00','ROOM_TEMPERATURE',1500,_binary '\0','누룽지'),(560,212,10,100,'2025-02-20 09:00:00','미역국밥','2025-02-20 00:00:00','FRIDGE',3200,_binary '\0','국밥'),(561,212,10,100,'2025-02-20 09:00:00','콘치즈','2025-02-20 00:00:00','FRIDGE',1600,_binary '\0','콘치'),(562,212,10,100,'2025-02-20 09:00:00','동원양반야채죽','2025-02-20 00:00:00','FRIDGE',1800,_binary '\0','죽'),(563,212,10,100,'2025-02-20 09:00:00','성경우리쌀국수얼큰힌','2025-02-20 00:00:00','ROOM_TEMPERATURE',1500,_binary '\0','힌'),(564,212,10,100,'2025-02-20 09:00:00','성경우리쌀국수멸치밋','2025-02-20 00:00:00','ROOM_TEMPERATURE',1500,_binary '\0','밋'),(565,212,10,100,'2025-02-20 09:00:00','오뚜기/사골곰탕','2025-02-20 00:00:00','FRIDGE',1000,_binary '\0','사골곰탕'),(566,212,10,100,'2025-02-20 09:00:00','비빔국수','2025-02-20 00:00:00','FRIDGE',1000,_binary '\0','비빔국수'),(567,212,10,100,'2025-02-20 09:00:00','잔치국수','2025-02-20 00:00:00','ROOM_TEMPERATURE',1000,_binary '\0','잔치국수'),(568,212,10,100,'2025-02-20 09:00:00','바지락칼국수','2025-02-20 00:00:00','FRIDGE',1000,_binary '\0','칼국수'),(569,213,7,100,'2025-02-20 09:00:00','긋밀크우','2025-02-27 00:00:00','FRIDGE',1680,_binary '\0','밀크'),(570,213,10,100,'2025-02-20 09:00:00','스마트알뜰양복커버','2025-02-20 00:00:00','ROOM_TEMPERATURE',2590,_binary '\0','커버'),(571,213,10,100,'2025-02-20 09:00:00','농심 포스틱','2025-02-20 00:00:00','ROOM_TEMPERATURE',1120,_binary '\0','포스'),(572,213,10,100,'2025-02-20 09:00:00','농심 올리브짜파게','2025-02-20 00:00:00','ROOM_TEMPERATURE',3850,_binary '\0','올리브'),(573,213,2,100,'2025-02-20 09:00:00','산딸기 500g/박스','2025-02-27 00:00:00','FRIDGE',6980,_binary '\0','박스'),(574,213,10,100,'2025-02-20 09:00:00','오뚜기 콤비네이션 부에','2025-02-20 00:00:00','ROOM_TEMPERATURE',5980,_binary '\0','부'),(575,213,10,100,'2025-02-20 09:00:00','C미니드레싱골라딤','2025-02-20 00:00:00','FRIDGE',3980,_binary '\0','딤'),(576,213,10,100,'2025-02-20 09:00:00','청정워허브맛솔트','2025-02-20 00:00:00','ROOM_TEMPERATURE',1980,_binary '\0','솔트'),(577,213,9,100,'2025-02-20 09:00:00','태국미니아스파라거','2025-02-27 00:00:00','FRIDGE',4580,_binary '\0','라거'),(578,213,10,100,'2025-02-20 09:00:00','수박바젤리','2025-02-20 00:00:00','ROOM_TEMPERATURE',1950,_binary '\0','젤리'),(579,213,10,100,'2025-02-20 09:00:00','쇼콜라','2025-02-20 00:00:00','ROOM_TEMPERATURE',2250,_binary '\0','쇼콜라'),(580,214,10,100,'2025-02-21 09:00:00','처음처럼','2025-01-26 00:00:00','ROOM_TEMPERATURE',3990,_binary '\0','처음처럼'),(581,214,2,100,'2025-02-21 09:00:00','배','2025-02-20 00:00:00','FRIDGE',12000,_binary '\0','배'),(582,214,9,100,'2025-02-21 09:00:00','팽이버섯','2025-02-20 00:00:00','FRIDGE',1300,_binary '','팽이버섯'),(583,214,10,100,'2025-02-21 09:00:00','쌈무와사비맛','2025-02-20 00:00:00','FRIDGE',760,_binary '\0','맛'),(584,214,8,100,'2025-02-21 09:00:00','로컬푸드채꼴/1+등급/구이','2025-02-20 00:00:00','FRIDGE',48840,_binary '\0','구이'),(585,214,9,100,'2025-02-21 09:00:00','돌미나리','2025-02-20 00:00:00','FRIDGE',27500,_binary '\0','미나리'),(586,214,8,100,'2025-02-21 09:00:00','로컬푸드 항정살','2025-02-20 00:00:00','FRIDGE',21600,_binary '\0','항정살'),(587,215,8,34,'2025-02-21 09:00:00','삼겹살','2025-02-28 00:00:00','FREEZER',14000,_binary '\0','삼겹살'),(588,216,5,100,'2025-02-21 09:00:00','오징어','2025-02-10 00:00:00','FREEZER',25000,_binary '\0','오징어'),(589,217,10,100,'2025-02-21 09:00:00','처음처럼','2025-01-26 00:00:00','FRIDGE',3990,_binary '\0','처음처럼'),(590,217,2,100,'2025-02-21 09:00:00','배','2025-02-20 00:00:00','FRIDGE',12000,_binary '\0','배'),(591,217,9,100,'2025-02-21 09:00:00','팽이버섯','2025-02-20 00:00:00','FRIDGE',1300,_binary '\0','팽이버섯'),(592,217,9,100,'2025-02-21 09:00:00','쌈무와사비맛','2025-02-20 00:00:00','FRIDGE',760,_binary '\0','맛'),(593,217,8,100,'2025-02-21 09:00:00','로컬푸드채꼴','2025-02-20 00:00:00','FRIDGE',48840,_binary '\0','채꼴'),(594,217,9,100,'2025-02-21 09:00:00','돌미나리','2025-02-20 00:00:00','FRIDGE',27500,_binary '\0','미나리'),(595,217,8,100,'2025-02-21 09:00:00','로컬푸드 항정살','2025-02-28 00:00:00','FRIDGE',21600,_binary '','항정살'),(596,218,10,100,'2025-02-17 09:00:00','롯데울 드콘이몬드','2025-02-20 00:00:00','ROOM_TEMPERATURE',1000,_binary '\0','드콘이몬드'),(597,218,10,100,'2025-02-17 09:00:00','캔디비','2025-02-20 00:00:00','ROOM_TEMPERATURE',500,_binary '\0','비'),(598,218,10,100,'2025-02-17 09:00:00','매일호두와땅콩두유','2025-02-20 00:00:00','FRIDGE',10800,_binary '\0','두유'),(599,218,7,100,'2025-02-17 09:00:00','긋모닝 우유','2025-02-20 00:00:00','FRIDGE',1750,_binary '\0','우유'),(600,218,8,100,'2025-02-17 09:00:00','돼지대패삼','2025-02-20 00:00:00','FRIDGE',6240,_binary '\0','삼'),(601,218,9,100,'2025-02-17 09:00:00','청양고추','2025-02-20 00:00:00','FRIDGE',1500,_binary '\0','청양고추'),(602,218,9,100,'2025-02-17 09:00:00','껏잎','2025-02-20 00:00:00','FRIDGE',1000,_binary '\0','껏잎'),(603,218,9,100,'2025-02-17 09:00:00','강아삭콩나물','2025-02-20 00:00:00','FRIDGE',1000,_binary '\0','콩나물'),(604,218,10,100,'2025-02-17 09:00:00','판두부','2025-02-20 00:00:00','FRIDGE',500,_binary '\0','두부'),(605,218,10,100,'2025-02-17 09:00:00','처음처럼','2025-02-20 00:00:00','ROOM_TEMPERATURE',1080,_binary '\0','처음처럼'),(606,218,10,100,'2025-02-17 09:00:00','부산어묵','2025-02-20 00:00:00','FRIDGE',1000,_binary '\0','어묵'),(607,219,10,100,'2025-02-19 09:00:00','아몬드','2025-03-06 00:00:00','ROOM_TEMPERATURE',1000,_binary '\0','아몬드'),(608,219,10,100,'2025-02-19 09:00:00','캔디비','2025-02-20 00:00:00','ROOM_TEMPERATURE',500,_binary '','비'),(609,219,10,100,'2025-02-19 09:00:00','매일호두와땅콩두유','2025-02-20 00:00:00','FRIDGE',10800,_binary '','두유'),(610,219,7,100,'2025-02-19 09:00:00','긋모닝 우유','2025-02-20 00:00:00','FRIDGE',1750,_binary '','우유'),(611,219,8,100,'2025-02-19 09:00:00','수입돼지대패삼겹','2025-02-20 00:00:00','FRIDGE',6240,_binary '','삼겹'),(612,219,9,100,'2025-02-19 09:00:00','청양고추','2025-02-20 00:00:00','FRIDGE',1500,_binary '','청양고추'),(613,219,9,100,'2025-02-19 09:00:00','깻잎','2025-02-24 00:00:00','FRIDGE',1000,_binary '\0','깻잎'),(614,219,9,100,'2025-02-19 09:00:00','강아삭콩나물','2025-02-27 00:00:00','FRIDGE',1000,_binary '\0','콩나물'),(615,219,10,100,'2025-02-19 09:00:00','판두부','2025-02-20 00:00:00','FRIDGE',500,_binary '','두부'),(616,219,10,100,'2025-02-19 09:00:00','처음처럼','2025-02-28 00:00:00','ROOM_TEMPERATURE',1080,_binary '\0','처음처럼'),(617,219,10,100,'2025-02-19 09:00:00','부산어묵','2025-02-20 00:00:00','FRIDGE',1000,_binary '\0','어묵'),(618,220,9,100,'2025-02-21 09:00:00','애호박','2025-02-19 00:00:00','FRIDGE',2000,_binary '\0','애호박'),(619,220,8,100,'2025-02-21 09:00:00','닭가슴살','2025-02-19 00:00:00','FREEZER',10000,_binary '','살'),(620,221,5,100,'2025-02-21 09:00:00','고등어','2025-03-04 00:00:00','FREEZER',7000,_binary '\0','고등어'),(621,222,9,100,'2025-02-21 09:00:00','국내산 조각 양배추','2025-02-20 00:00:00','FRIDGE',1990,_binary '\0','양배추'),(622,222,8,100,'2025-02-21 09:00:00','캐나다산 보리먹인 암돼 지삼겹살 구이용냉장','2025-02-20 00:00:00','FRIDGE',17900,_binary '\0','냉장'),(623,222,8,100,'2025-02-21 09:00:00','스페인산 간편구이 항정살 지퍼백','2025-02-20 00:00:00','FREEZER',12990,_binary '\0','지퍼'),(624,222,10,100,'2025-02-21 09:00:00','팔도 비락식혜 제로','2025-02-20 00:00:00','FRIDGE',8970,_binary '\0','제로'),(625,223,1,50,'2025-02-21 09:00:00','l','2025-05-21 00:00:00','FRIDGE',90000,_binary '',''),(626,223,2,81,'2025-02-21 09:00:00','kk','2025-06-21 00:00:00','ROOM_TEMPERATURE',79000,_binary '\0',''),(627,225,3,100,'2025-02-12 09:00:00','기름','2025-02-22 00:00:00','ROOM_TEMPERATURE',900,_binary '','기름');
/*!40000 ALTER TABLE `user_ingredients` ENABLE KEYS */;
UNLOCK TABLES;

--
-- Table structure for table `tags`
--

DROP TABLE IF EXISTS `tags`;
/*!40101 SET @saved_cs_client     = @@character_set_client */;
/*!50503 SET character_set_client = utf8mb4 */;
CREATE TABLE `tags` (
  `id` int(11) NOT NULL AUTO_INCREMENT,
  `tag_name` varchar(30) COLLATE utf8mb4_bin NOT NULL,
  PRIMARY KEY (`id`),
  UNIQUE KEY `tag_name` (`tag_name`)
) ENGINE=InnoDB AUTO_INCREMENT=5 DEFAULT CHARSET=utf8mb4 COLLATE=utf8mb4_bin;
/*!40101 SET character_set_client = @saved_cs_client */;

--
-- Dumping data for table `tags`
--

LOCK TABLES `tags` WRITE;
/*!40000 ALTER TABLE `tags` DISABLE KEYS */;
INSERT INTO `tags` VALUES (2,'baking'),(1,'dessert'),(4,'main-course'),(3,'thai');
/*!40000 ALTER TABLE `tags` ENABLE KEYS */;
UNLOCK TABLES;

--
-- Table structure for table `notifications`
--

DROP TABLE IF EXISTS `notifications`;
/*!40101 SET @saved_cs_client     = @@character_set_client */;
/*!50503 SET character_set_client = utf8mb4 */;
CREATE TABLE `notifications` (
  `id` bigint(20) NOT NULL AUTO_INCREMENT,
  `receiver_id` int(11) NOT NULL,
  `sender_id` int(11) DEFAULT NULL,
  `type` enum('BADGE','COMMENT','FOLLOW','LIKE') COLLATE utf8mb4_bin NOT NULL,
  `content` varchar(255) COLLATE utf8mb4_bin NOT NULL,
  `target_url` varchar(255) COLLATE utf8mb4_bin NOT NULL,
  `is_read` bit(1) NOT NULL DEFAULT b'0',
  `created_at` datetime NOT NULL DEFAULT current_timestamp(),
  `post_type` varchar(10) COLLATE utf8mb4_bin DEFAULT NULL,
  PRIMARY KEY (`id`),
  KEY `sender_id` (`sender_id`),
  KEY `idx_receiver_created` (`receiver_id`,`created_at`),
  KEY `idx_is_read` (`is_read`),
  CONSTRAINT `notifications_ibfk_1` FOREIGN KEY (`receiver_id`) REFERENCES `users` (`id`),
  CONSTRAINT `notifications_ibfk_2` FOREIGN KEY (`sender_id`) REFERENCES `users` (`id`)
) ENGINE=InnoDB AUTO_INCREMENT=176 DEFAULT CHARSET=utf8mb4 COLLATE=utf8mb4_bin;
/*!40101 SET character_set_client = @saved_cs_client */;

--
-- Dumping data for table `notifications`
--

LOCK TABLES `notifications` WRITE;
/*!40000 ALTER TABLE `notifications` DISABLE KEYS */;
INSERT INTO `notifications` VALUES (35,19,NULL,'BADGE','새로운 뱃지를 획득했습니다: 농부의 피땀','',_binary '','2025-02-19 01:34:24',''),(36,19,20,'LIKE','윤서희님이 회원님의 게시글을 좋아합니다.','18',_binary '','2025-02-19 02:21:27','recipe'),(37,19,20,'COMMENT','윤서희님이 회원님의 게시글에 댓글을 달았습니다.','18',_binary '','2025-02-19 02:24:02','recipe'),(38,40,19,'COMMENT','서흐e님이 회원님의 게시글에 댓글을 달았습니다.','19',_binary '','2025-02-19 02:51:45','recipe'),(39,15,19,'COMMENT','서흐e님이 회원님의 게시글에 댓글을 달았습니다.','25',_binary '','2025-02-19 05:29:21','recipe'),(40,15,19,'COMMENT','서흐e님이 회원님의 게시글에 댓글을 달았습니다.','25',_binary '','2025-02-19 05:29:37','recipe'),(41,19,50,'FOLLOW','이남재님이 회원님을 팔로우했습니다.','/profile/50',_binary '','2025-02-18 21:48:14',NULL),(42,50,19,'FOLLOW','서흐e님이 회원님을 팔로우했습니다.','/profile/19',_binary '\0','2025-02-18 21:49:12',NULL),(43,1,50,'LIKE','이남재님이 회원님의 게시글을 좋아합니다.','7',_binary '','2025-02-18 21:54:28','recipe'),(44,1,50,'LIKE','이남재님이 회원님의 게시글을 좋아합니다.','7',_binary '','2025-02-18 21:54:30','recipe'),(45,15,47,'FOLLOW','gw님이 회원님을 팔로우했습니다.','/profile/47',_binary '','2025-02-18 22:34:07',NULL),(46,3,47,'COMMENT','gw님이 회원님의 게시글에 댓글을 달았습니다.','29',_binary '','2025-02-19 00:46:22','recipe'),(47,3,47,'LIKE','gw님이 회원님의 게시글을 좋아합니다.','29',_binary '','2025-02-19 00:46:45','recipe'),(48,19,20,'LIKE','윤서희님이 회원님의 게시글을 좋아합니다.','28',_binary '','2025-02-19 12:10:30','recipe'),(49,3,19,'LIKE','서흐이님이 회원님의 게시글을 좋아합니다.','29',_binary '','2025-02-19 12:27:15','recipe'),(50,47,19,'COMMENT','서흐이님이 회원님의 게시글에 댓글을 달았습니다.','74',_binary '','2025-02-19 04:19:52','post'),(51,3,25,'LIKE','비쵸비러버한재서님이 회원님의 게시글을 좋아합니다.','12',_binary '','2025-02-19 10:44:56','recipe'),(52,3,25,'LIKE','비쵸비러버한재서님이 회원님의 게시글을 좋아합니다.','34',_binary '','2025-02-19 10:45:00','recipe'),(53,3,25,'COMMENT','비쵸비러버한재서님이 회원님의 게시글에 댓글을 달았습니다.','34',_binary '','2025-02-19 10:45:18','recipe'),(54,3,19,'COMMENT','서흐이님이 회원님의 게시글에 댓글을 달았습니다.','75',_binary '','2025-02-19 10:59:06','post'),(55,3,16,'COMMENT','신성우님이 회원님의 게시글에 댓글을 달았습니다.','12',_binary '','2025-02-19 10:59:15','recipe'),(56,3,15,'COMMENT','토마토러버전종우님이 회원님의 게시글에 댓글을 달았습니다.','34',_binary '','2025-02-19 10:59:54','recipe'),(57,52,15,'COMMENT','토마토러버전종우님이 회원님의 게시글에 댓글을 달았습니다.','33',_binary '','2025-02-19 11:00:21','recipe'),(58,3,15,'COMMENT','토마토러버전종우님이 회원님의 게시글에 댓글을 달았습니다.','29',_binary '','2025-02-19 11:00:35','recipe'),(59,19,15,'LIKE','토마토러버전종우님이 회원님의 게시글을 좋아합니다.','17',_binary '','2025-02-19 11:01:10','recipe'),(60,3,15,'LIKE','토마토러버전종우님이 회원님의 게시글을 좋아합니다.','12',_binary '','2025-02-19 11:01:16','recipe'),(61,3,16,'LIKE','피자러버신성우님이 회원님의 게시글을 좋아합니다.','12',_binary '','2025-02-19 11:02:16','recipe'),(62,1,16,'COMMENT','피자러버신성우님이 회원님의 게시글에 댓글을 달았습니다.','32',_binary '','2025-02-19 11:04:19','recipe'),(63,56,16,'FOLLOW','피자러버신성우님이 회원님을 팔로우했습니다.','/profile/16',_binary '\0','2025-02-19 11:06:10',NULL),(64,55,1,'FOLLOW','오늘은내가요리사님이 회원님을 팔로우했습니다.','/profile/1',_binary '','2025-02-19 11:06:36',NULL),(65,55,16,'FOLLOW','피자러버신성우님이 회원님을 팔로우했습니다.','/profile/16',_binary '','2025-02-19 11:07:40',NULL),(66,56,1,'FOLLOW','오늘은내가요리사님이 회원님을 팔로우했습니다.','/profile/1',_binary '\0','2025-02-19 11:08:00',NULL),(67,3,20,'COMMENT','윤서희님이 회원님의 게시글에 댓글을 달았습니다.','34',_binary '','2025-02-19 11:08:12','recipe'),(68,52,20,'COMMENT','윤서희님이 회원님의 게시글에 댓글을 달았습니다.','33',_binary '','2025-02-19 11:08:37','recipe'),(69,57,1,'FOLLOW','오늘은내가요리사님이 회원님을 팔로우했습니다.','/profile/1',_binary '\0','2025-02-19 11:10:32',NULL),(70,25,16,'COMMENT','피자러버신성우님이 회원님의 게시글에 댓글을 달았습니다.','77',_binary '','2025-02-19 11:11:19','post'),(71,25,1,'COMMENT','오늘은내가요리사님이 회원님의 게시글에 댓글을 달았습니다.','77',_binary '','2025-02-19 11:11:23','post'),(72,1,15,'COMMENT','토마토러버전종우님이 회원님의 게시글에 댓글을 달았습니다.','30',_binary '','2025-02-19 11:13:03','recipe'),(73,1,3,'LIKE','빵유림님이 회원님의 게시글을 좋아합니다.','30',_binary '','2025-02-19 11:13:53','recipe'),(74,1,3,'COMMENT','빵유림님이 회원님의 게시글에 댓글을 달았습니다.','30',_binary '','2025-02-19 11:14:05','recipe'),(76,1,3,'COMMENT','빵유림님이 회원님의 게시글에 댓글을 달았습니다.','32',_binary '','2025-02-19 11:15:13','recipe'),(77,3,59,'COMMENT','다다믈셈이야님이 회원님의 게시글에 댓글을 달았습니다.','12',_binary '','2025-02-19 11:15:52','recipe'),(78,63,20,'FOLLOW','윤서희님이 회원님을 팔로우했습니다.','/profile/20',_binary '','2025-02-19 11:21:37',NULL),(79,3,78,'LIKE','test1234님이 회원님의 게시글을 좋아합니다.','34',_binary '','2025-02-19 12:04:35','recipe'),(80,19,78,'LIKE','test1234님이 회원님의 게시글을 좋아합니다.','17',_binary '','2025-02-19 12:11:20','recipe'),(81,74,78,'FOLLOW','test1234님이 회원님을 팔로우했습니다.','/profile/78',_binary '\0','2025-02-19 12:13:58',NULL),(82,47,15,'FOLLOW','토마토러버전종우님이 회원님을 팔로우했습니다.','/profile/15',_binary '','2025-02-19 12:49:11',NULL),(83,83,47,'FOLLOW','gw님이 회원님을 팔로우했습니다.','/profile/47',_binary '','2025-02-19 12:55:23',NULL),(84,86,3,'FOLLOW','빵유림님이 회원님을 팔로우했습니다.','/profile/3',_binary '','2025-02-19 13:06:19',NULL),(85,61,47,'FOLLOW','혜진님이 회원님을 팔로우했습니다.','/profile/47',_binary '\0','2025-02-19 13:08:11',NULL),(86,62,47,'FOLLOW','혜진님이 회원님을 팔로우했습니다.','/profile/47',_binary '','2025-02-19 13:53:34',NULL),(87,47,62,'FOLLOW','고야앙님이 회원님을 팔로우했습니다.','/profile/62',_binary '','2025-02-19 13:55:51',NULL),(88,19,55,'COMMENT','jordi님이 회원님의 게시글에 댓글을 달았습니다.','17',_binary '','2025-02-19 14:03:50','recipe'),(89,19,55,'COMMENT','jordi님이 회원님의 게시글에 댓글을 달았습니다.','17',_binary '','2025-02-19 14:04:08','recipe'),(90,19,55,'COMMENT','jordi님이 회원님의 게시글에 댓글을 달았습니다.','17',_binary '','2025-02-19 14:05:03','recipe'),(91,47,19,'COMMENT','서흐이님이 회원님의 게시글에 댓글을 달았습니다.','78',_binary '','2025-02-19 15:58:22','post'),(92,89,15,'FOLLOW','토마토러버전종우님이 회원님을 팔로우했습니다.','/profile/15',_binary '\0','2025-02-19 19:03:50',NULL),(93,52,19,'COMMENT','서흐이님이 회원님의 게시글에 댓글을 달았습니다.','33',_binary '\0','2025-02-19 19:20:22','recipe'),(94,52,19,'COMMENT','서흐이님이 회원님의 게시글에 댓글을 달았습니다.','33',_binary '','2025-02-19 19:30:29','recipe'),(95,3,19,'COMMENT','서흐이님이 회원님의 게시글에 댓글을 달았습니다.','34',_binary '\0','2025-02-19 20:05:09','recipe'),(96,3,19,'COMMENT','서흐이님이 회원님의 게시글에 댓글을 달았습니다.','34',_binary '\0','2025-02-19 20:06:42','recipe'),(97,3,19,'COMMENT','서흐이님이 회원님의 게시글에 댓글을 달았습니다.','34',_binary '\0','2025-02-19 20:07:50','recipe'),(98,3,19,'COMMENT','서흐이님이 회원님의 게시글에 댓글을 달았습니다.','34',_binary '\0','2025-02-19 20:08:13','recipe'),(99,3,19,'COMMENT','서흐이님이 회원님의 게시글에 댓글을 달았습니다.','34',_binary '\0','2025-02-19 20:09:30','recipe'),(100,3,19,'COMMENT','서흐이님이 회원님의 게시글에 댓글을 달았습니다.','34',_binary '\0','2025-02-19 20:09:40','recipe'),(101,3,19,'COMMENT','서흐이님이 회원님의 게시글에 댓글을 달았습니다.','34',_binary '\0','2025-02-19 20:09:56','recipe'),(102,3,19,'COMMENT','서흐이님이 회원님의 게시글에 댓글을 달았습니다.','34',_binary '\0','2025-02-19 20:11:10','recipe'),(103,3,19,'COMMENT','서흐이님이 회원님의 게시글에 댓글을 달았습니다.','34',_binary '\0','2025-02-19 20:11:32','recipe'),(104,47,19,'COMMENT','서흐이님이 회원님의 게시글에 댓글을 달았습니다.','78',_binary '','2025-02-20 05:15:49','post'),(105,3,19,'COMMENT','서흐이님이 회원님의 게시글에 댓글을 달았습니다.','34',_binary '\0','2025-02-20 05:33:19','recipe'),(106,3,19,'COMMENT','서흐이님이 회원님의 게시글에 댓글을 달았습니다.','34',_binary '\0','2025-02-20 05:33:32','recipe'),(107,3,19,'COMMENT','서흐이님이 회원님의 게시글에 댓글을 달았습니다.','34',_binary '\0','2025-02-20 05:33:47','recipe'),(109,3,86,'FOLLOW','아아메한잔님이 회원님을 팔로우했습니다.','/profile/86',_binary '\0','2025-02-19 22:42:05',NULL),(110,20,19,'FOLLOW','서흐이님이 회원님을 팔로우했습니다.','/profile/19',_binary '','2025-02-20 10:58:14',NULL),(111,20,19,'FOLLOW','서흐이님이 회원님을 팔로우했습니다.','/profile/19',_binary '','2025-02-20 02:20:35',NULL),(112,20,19,'FOLLOW','서흐이님이 회원님을 팔로우했습니다.','/profile/19',_binary '','2025-02-20 02:20:44',NULL),(113,20,19,'FOLLOW','서흐이님이 회원님을 팔로우했습니다.','/profile/19',_binary '','2025-02-20 02:21:48',NULL),(114,20,19,'FOLLOW','서흐이님이 회원님을 팔로우했습니다.','/profile/19',_binary '','2025-02-20 02:23:37',NULL),(115,20,19,'FOLLOW','서흐이님이 회원님을 팔로우했습니다.','/profile/19',_binary '','2025-02-20 02:24:02',NULL),(116,20,19,'COMMENT','서흐이님이 회원님의 게시글에 댓글을 달았습니다.','76',_binary '','2025-02-20 02:26:07','post'),(117,20,19,'COMMENT','서흐이님이 회원님의 게시글에 댓글을 달았습니다.','76',_binary '','2025-02-20 02:30:32','post'),(118,20,19,'COMMENT','서흐이님이 회원님의 게시글에 댓글을 달았습니다.','76',_binary '','2025-02-20 02:33:56','post'),(119,20,19,'COMMENT','서흐이님이 회원님의 게시글에 댓글을 달았습니다.','76',_binary '','2025-02-20 02:34:09','post'),(120,20,19,'COMMENT','서흐이님이 회원님의 게시글에 댓글을 달았습니다.','76',_binary '','2025-02-20 11:34:41','post'),(121,20,19,'COMMENT','서흐이님이 회원님의 게시글에 댓글을 달았습니다.','76',_binary '\0','2025-02-20 12:06:13','post'),(122,20,19,'COMMENT','서흐이님이 회원님의 게시글에 댓글을 달았습니다.','76',_binary '\0','2025-02-20 12:06:27','post'),(123,20,19,'COMMENT','서흐이님이 회원님의 게시글에 댓글을 달았습니다.','76',_binary '','2025-02-20 12:11:25','post'),(124,20,19,'COMMENT','서흐이님이 회원님의 게시글에 댓글을 달았습니다.','76',_binary '','2025-02-20 12:11:58','post'),(125,20,19,'COMMENT','서흐이님이 회원님의 게시글에 댓글을 달았습니다.','76',_binary '','2025-02-20 12:14:12','post'),(126,20,19,'COMMENT','서흐이님이 회원님의 게시글에 댓글을 달았습니다.','76',_binary '','2025-02-20 12:16:48','post'),(127,20,19,'COMMENT','서흐이님이 회원님의 게시글에 댓글을 달았습니다.','76',_binary '\0','2025-02-20 12:17:42','post'),(128,20,19,'COMMENT','서흐이님이 회원님의 게시글에 댓글을 달았습니다.','76',_binary '\0','2025-02-20 12:18:03','post'),(129,20,19,'COMMENT','서흐이님이 회원님의 게시글에 댓글을 달았습니다.','76',_binary '\0','2025-02-20 12:18:11','post'),(130,20,19,'COMMENT','서흐이님이 회원님의 게시글에 댓글을 달았습니다.','76',_binary '','2025-02-20 12:20:45','post'),(131,20,19,'COMMENT','서흐이님이 회원님의 게시글에 댓글을 달았습니다.','76',_binary '\0','2025-02-20 12:21:03','post'),(132,20,19,'COMMENT','서흐이님이 회원님의 게시글에 댓글을 달았습니다.','76',_binary '\0','2025-02-20 12:21:10','post'),(133,19,38,'FOLLOW','망고러버오정하님이 회원님을 팔로우했습니다.','/profile/38',_binary '','2025-02-20 10:49:47',NULL),(134,19,92,'COMMENT','정재희님이 회원님의 게시글에 댓글을 달았습니다.','17',_binary '','2025-02-20 10:59:18','recipe'),(135,3,20,'LIKE','윤서희님이 회원님의 게시글을 좋아합니다.','29',_binary '\0','2025-02-20 11:02:23','recipe'),(136,19,85,'LIKE','다믈랭님이 회원님의 게시글을 좋아합니다.','17',_binary '','2025-02-20 11:10:01','recipe'),(137,38,19,'FOLLOW','서흐이님이 회원님을 팔로우했습니다.','/profile/19',_binary '\0','2025-02-20 11:16:53',NULL),(138,1,15,'COMMENT','토마토러버전종우님이 회원님의 게시글에 댓글을 달았습니다.','31',_binary '','2025-02-20 22:27:06','recipe'),(139,1,15,'COMMENT','토마토러버전종우님이 회원님의 게시글에 댓글을 달았습니다.','31',_binary '','2025-02-20 22:28:01','recipe'),(140,1,15,'COMMENT','토마토러버전종우님이 회원님의 게시글에 댓글을 달았습니다.','31',_binary '','2025-02-20 22:28:07','recipe'),(141,85,15,'FOLLOW','토마토러버전종우님이 회원님을 팔로우했습니다.','/profile/15',_binary '\0','2025-02-20 21:18:20',NULL),(142,1,15,'COMMENT','토마토러버전종우님이 회원님의 게시글에 댓글을 달았습니다.','31',_binary '','2025-02-21 00:54:51','recipe'),(143,1,19,'LIKE','서흐이님이 회원님의 게시글을 좋아합니다.','31',_binary '','2025-02-21 03:35:07','recipe'),(144,1,15,'LIKE','토마토러버전종우님이 회원님의 게시글을 좋아합니다.','31',_binary '','2025-02-21 03:48:22','recipe'),(145,1,15,'COMMENT','토마토러버전종우님이 회원님의 게시글에 댓글을 달았습니다.','31',_binary '','2025-02-21 03:48:27','recipe'),(146,3,25,'COMMENT','김비쵸비러버한재서님이 회원님의 게시글에 댓글을 달았습니다.','29',_binary '\0','2025-02-21 03:55:47','recipe'),(147,15,1,'FOLLOW','오늘은내가요리사님이 회원님을 팔로우했습니다.','/profile/1',_binary '','2025-02-21 04:39:39',NULL),(148,19,47,'FOLLOW','혜진님이 회원님을 팔로우했습니다.','/profile/47',_binary '','2025-02-21 04:41:13',NULL),(149,19,1,'FOLLOW','오늘은내가요리사님이 회원님을 팔로우했습니다.','/profile/1',_binary '','2025-02-21 04:41:24',NULL),(150,96,25,'FOLLOW','김비쵸비러버한재서님이 회원님을 팔로우했습니다.','/profile/25',_binary '','2025-02-21 04:43:02',NULL),(151,96,19,'FOLLOW','서흐이님이 회원님을 팔로우했습니다.','/profile/19',_binary '','2025-02-21 04:43:08',NULL),(152,15,96,'FOLLOW','서쪽하늘님이 회원님을 팔로우했습니다.','/profile/96',_binary '\0','2025-02-21 04:47:10',NULL),(153,15,96,'LIKE','서쪽하늘님이 회원님의 게시글을 좋아합니다.','35',_binary '\0','2025-02-21 04:47:35','recipe'),(154,15,25,'FOLLOW','김비쵸비러버한재서님이 회원님을 팔로우했습니다.','/profile/25',_binary '\0','2025-02-21 04:47:37',NULL),(155,15,52,'LIKE','유아요리왕님이 회원님의 게시글을 좋아합니다.','35',_binary '\0','2025-02-21 04:47:45','recipe'),(156,15,52,'FOLLOW','유아요리왕님이 회원님을 팔로우했습니다.','/profile/52',_binary '\0','2025-02-21 04:48:00',NULL),(157,15,3,'FOLLOW','빵유림님이 회원님을 팔로우했습니다.','/profile/3',_binary '\0','2025-02-21 04:48:29',NULL),(158,19,16,'COMMENT','피자러버신성우님이 회원님의 게시글에 댓글을 달았습니다.','17',_binary '\0','2025-02-21 07:01:43','recipe'),(159,19,16,'LIKE','피자러버신성우님이 회원님의 게시글을 좋아합니다.','17',_binary '\0','2025-02-21 07:01:55','recipe'),(160,3,16,'COMMENT','피자러버신성우님이 회원님의 게시글에 댓글을 달았습니다.','29',_binary '\0','2025-02-21 07:15:24','recipe'),(161,3,16,'LIKE','피자러버신성우님이 회원님의 게시글을 좋아합니다.','29',_binary '','2025-02-21 07:15:30','recipe'),(162,15,16,'FOLLOW','피자러버신성우님이 회원님을 팔로우했습니다.','/profile/16',_binary '\0','2025-02-21 07:17:43',NULL),(163,25,1,'COMMENT','서동남북님이 회원님의 게시글에 댓글을 달았습니다.','81',_binary '\0','2025-02-21 08:55:14','post'),(164,25,95,'COMMENT','서매너온도삼천도님이 회원님의 게시글에 댓글을 달았습니다.','81',_binary '\0','2025-02-21 08:55:29','post'),(165,25,95,'COMMENT','서매너온도삼천도님이 회원님의 게시글에 댓글을 달았습니다.','81',_binary '\0','2025-02-21 08:56:02','post'),(166,20,47,'COMMENT','혜진님이 회원님의 게시글에 댓글을 달았습니다.','76',_binary '\0','2025-02-21 09:01:46','post'),(167,25,16,'COMMENT','피자러버신성우님이 회원님의 게시글에 댓글을 달았습니다.','81',_binary '\0','2025-02-21 09:26:58','post'),(168,19,1,'COMMENT','서동남북님이 회원님의 게시글에 댓글을 달았습니다.','79',_binary '\0','2025-02-21 09:45:20','post'),(169,3,97,'LIKE','qwer님이 회원님의 게시글을 좋아합니다.','29',_binary '\0','2025-02-21 09:45:35','recipe'),(170,3,97,'FOLLOW','qwer님이 회원님을 팔로우했습니다.','/profile/97',_binary '\0','2025-02-21 09:45:43',NULL),(171,3,97,'FOLLOW','qwer님이 회원님을 팔로우했습니다.','/profile/97',_binary '\0','2025-02-21 09:45:56',NULL),(172,19,16,'FOLLOW','피자러버신성우님이 회원님을 팔로우했습니다.','/profile/16',_binary '','2025-02-21 09:46:31',NULL),(173,19,97,'COMMENT','qwer님이 회원님의 게시글에 댓글을 달았습니다.','17',_binary '','2025-02-21 09:51:13','recipe'),(174,19,47,'LIKE','혜진님이 회원님의 게시글을 좋아합니다.','17',_binary '','2025-02-21 09:52:19','recipe'),(175,3,99,'LIKE','damul님이 회원님의 게시글을 좋아합니다.','29',_binary '\0','2025-02-21 10:01:19','recipe');
/*!40000 ALTER TABLE `notifications` ENABLE KEYS */;
UNLOCK TABLES;

--
-- Table structure for table `recipe_steps`
--

DROP TABLE IF EXISTS `recipe_steps`;
/*!40101 SET @saved_cs_client     = @@character_set_client */;
/*!50503 SET character_set_client = utf8mb4 */;
CREATE TABLE `recipe_steps` (
  `id` int(11) NOT NULL AUTO_INCREMENT,
  `recipe_id` int(11) NOT NULL,
  `step_number` int(11) NOT NULL DEFAULT 0,
  `content` text COLLATE utf8mb4_bin DEFAULT NULL,
  `image_url` varchar(255) COLLATE utf8mb4_bin DEFAULT NULL,
  PRIMARY KEY (`id`),
  KEY `recipe_id` (`recipe_id`),
  CONSTRAINT `recipe_steps_ibfk_1` FOREIGN KEY (`recipe_id`) REFERENCES `recipes` (`id`)
) ENGINE=InnoDB AUTO_INCREMENT=79 DEFAULT CHARSET=utf8mb4 COLLATE=utf8mb4_bin;
/*!40101 SET character_set_client = @saved_cs_client */;

--
-- Dumping data for table `recipe_steps`
--

LOCK TABLES `recipe_steps` WRITE;
/*!40000 ALTER TABLE `recipe_steps` DISABLE KEYS */;
INSERT INTO `recipe_steps` VALUES (18,17,1,'삼겹살 및, 삼겹살과 곁들일 채소와 양념을 준비해요.\n냉장고 속 잊혀진 식자재들을 모두 꺼내도 좋아요.','https://damulbucket.s3.ap-northeast-2.amazonaws.com/4f435c40-8066-45d7-8012-41c1dc333756-83ce0dfe-f4e8-4a6e-bfdc-7ef3227f8f83.jpg'),(19,17,2,'삼겹살을 구워줍니다.\n삼겹살은 너무 자주 뒤집지 말고, 맛있는 냄새가 나기 시작할 때 한번만 뒤집어주면 좋아요! 빨간 부분이 없도록 충분히 익혀줍니다.','https://damulbucket.s3.ap-northeast-2.amazonaws.com/a7598c84-3e4a-4640-a4ec-c05701863e8d-test.jpg'),(20,17,3,'삼겹살을 5~6조각만 남긴 후, 남은 야채와 김치를 넣어 볶아주면 K-디저트 볶음밥까지 즐길 수 있답니다.','https://damulbucket.s3.ap-northeast-2.amazonaws.com/a72658c2-75ae-4202-abaf-464f002ecaf1-5b48d6db682bada99f9b045a6635baf01.jpg'),(26,12,1,'짜잔 재료 완전 많죠? 하지만 이걸 다 쓸건 아닙니다','https://damulbucket.s3.ap-northeast-2.amazonaws.com/5ed46f60-13a0-48a7-905a-05c13ea3dc30-%EB%B9%84%EB%B9%94%EB%A9%B4%EC%9E%AC%EB%A3%8C1.jpg'),(27,12,2,'와 진짜 맛있어보임.. 이게 두번째로 와봤어요 ','https://damulbucket.s3.ap-northeast-2.amazonaws.com/1524a83c-2967-49f5-a628-a3f11eae9393-%EC%9E%AC%EB%A3%8C2.jpg'),(28,12,3,'이번에 재료가 3번째로 와봤습니다','https://damulbucket.s3.ap-northeast-2.amazonaws.com/7e397de6-bc6c-493f-b7da-f7666a22501a-%EB%B9%84%EB%B9%94%EB%A9%B4%EC%82%AC%EC%A7%80%EC%9D%B8.jpg'),(29,12,4,'끝입니다 맛있게드세요','https://damulbucket.s3.ap-northeast-2.amazonaws.com/8f76539f-4de7-4d3e-b0f4-5e3de13fa311-%EB%B9%84%EB%B9%94%EB%A9%B4%EC%82%AC%EC%A7%84.jpg'),(42,29,1,'야채를 먹기 편하게 잘라주세요 전 이렇게 잘랐어요','https://damulbucket.s3.ap-northeast-2.amazonaws.com/33ceae5a-5c3d-4f19-b45b-757148b0ec86-%EB%8B%AD%EA%B0%88%EB%B9%84%EC%9E%AC%EB%A3%8C1.jpg'),(43,29,2,'고기 넣고 볶은 다음에 야채 다 넣고 마지막은 양념 넣으면 끝~~','https://damulbucket.s3.ap-northeast-2.amazonaws.com/9dca1a77-d934-4b6a-a52d-f512322c6d4b-KakaoTalk_20250217_220419718.jpg'),(44,30,1,'물에 소금 1큰술을 넣어 끓여주세요. 끓는 물에 파스타면을 넣고 10~12분 정도 삶아주세요. 면수는 1컵 따로 덜어주세요.\n(tip. 소금은 물이 끓기 전 처음부터 넣어주세요.\n(tip. 파스타면은 나중에 더 익히므로 80%까지만 익혀주세요)','https://damulbucket.s3.ap-northeast-2.amazonaws.com/11609fdc-8c82-49a6-ac0e-4b0ef55f69ad-eggpasta1.jpg'),(45,30,2,'슬라이스 치즈는 잘게 썰어주세요. 볼에 달걀을 풀어 치즈를 넣고 섞어주세요.','https://damulbucket.s3.ap-northeast-2.amazonaws.com/97bd7837-95bb-45a3-af89-cb8f6277d908-eggpasta2.jpg'),(46,30,3,'대파는 송송 썰어주세요.','https://damulbucket.s3.ap-northeast-2.amazonaws.com/93e36de4-87d0-405f-b36f-e9e05578e3ad-eggpasta3.jpg'),(47,30,4,'팬에 올리브오일을 두르고 다진마늘과 대파를 넣어 약불에서 볶아주세요. \n삶아둔 파스타면과 면수, 치킨스톡을 넣고 중불에서 2분 정도 볶아주세요. \n불을 약불로 낮춘 후 면수가 면에 잘 흡수 될 수 있도록 팬을 흔들어 주세요. \n(tip. 처음에는 면수 1/2컵을 넣어 볶다가 양을 보면서 추가해주세요)','https://damulbucket.s3.ap-northeast-2.amazonaws.com/85826c4c-94c3-4600-92b2-72423e5449df-eggpasta4.jpg'),(48,30,5,'볶은 면에 달걀 치즈물을 붓고 중불에서 가볍게 익혀주세요. \n소금 1작은술을 넣어 간을 해 주세요.\n(tip. 까르보나라와 다르게 달걀이 덩어리질 수 있도록 중불에서 익혀 주세요)','https://damulbucket.s3.ap-northeast-2.amazonaws.com/15df0bef-ad5f-4a96-8903-cbbc81fa0539-eggpasta5.jpg'),(49,30,6,'달걀이 부드럽게 익으면 불을 끄고 후춧가루를 뿌려 완성해 주세요.','https://damulbucket.s3.ap-northeast-2.amazonaws.com/8c9f6e8e-2c0e-4f65-a6ab-82e12865ed6a-eggpasta6.jpg'),(50,30,7,'달걀파스타를 접시에 담아 맛있게 즐겨주세요.','https://damulbucket.s3.ap-northeast-2.amazonaws.com/017f0c74-7236-424b-9995-44f35aefe89b-eggpasta7.jpg'),(51,31,1,'양배추는 겉잎을 떼어내고 물에 10분 이상 담가 두었다가 흐르는 물에 헹궈주세요.','https://damulbucket.s3.ap-northeast-2.amazonaws.com/9dc17971-cb99-4714-9e7a-aeba5dddcbba-salad1.jpg'),(52,31,2,'닭가슴살은 끓는 물에 15분간 삶아주세요. 한 김 식힌 후 잘게 찢어주세요.','https://damulbucket.s3.ap-northeast-2.amazonaws.com/a4d1537c-baf8-4bc7-8593-c679e09b85a0-salad2.jpg'),(53,31,3,'세척한 양배추는 심을 제거하고 얇게 채를 썰어주세요. \n(tip. 채칼을 사용하면 편리해요)','https://damulbucket.s3.ap-northeast-2.amazonaws.com/83cfb23e-24fb-402e-b05b-f59df9cd226b-salad3.jpg'),(54,31,4,'오이는 반으로 갈라 씨를 제거하고 작은 큐브 모양으로 썰어주세요. \n(tip. 씨를 제거하면 냉장고에 보관해도 물이 적게 생겨요)','https://damulbucket.s3.ap-northeast-2.amazonaws.com/fc224053-6ea8-4fbd-b4b1-fe4cae74bb24-salad4.jpg'),(55,31,5,'손질해둔 양배추, 오이, 닭가슴살에 다진 견과류와 크랜베리를 넣고 소스를 넣어 섞어주세요.','https://damulbucket.s3.ap-northeast-2.amazonaws.com/e86fd7ee-c16d-4438-b6ec-753605c6de54-salad5.jpg'),(56,31,6,'파마산 치즈를 갈아서 뿌린 후 가볍게 버무려주세요.','https://damulbucket.s3.ap-northeast-2.amazonaws.com/5128fce2-fbba-40b4-8d7e-0758b1b6c5b2-salad6.jpg'),(57,31,7,'접시에 담아 맛있게 즐겨주세요.\n(tip. 샌드위치 속으로 활용해도 좋아요)','https://damulbucket.s3.ap-northeast-2.amazonaws.com/b973bbaa-fbf8-4dd6-b65e-4e7e92db7a4b-finish.jpg'),(58,32,1,'오징어채는 찬물에 살짝 담갔다가 체에 받쳐 물기를 빼고 먹기 좋게 잘라주세요.','https://damulbucket.s3.ap-northeast-2.amazonaws.com/a5ee97e8-0be4-4022-a0e6-89785cc2ef0b-squid1.jpg'),(59,32,2,'볼에 양념재료를 넣고 섞어주세요.','https://damulbucket.s3.ap-northeast-2.amazonaws.com/d23e526b-7f7b-4257-91b8-371ab3b7d375-squid2.jpg'),(60,32,3,'달군 팬에 식용유를 두르고 중약불에서 양념재료를 넣은 후, 끓어오르면 약한불로 줄여 오징어채를 넣어주세요.','https://damulbucket.s3.ap-northeast-2.amazonaws.com/cc20a2d7-6194-4e31-a574-502867ce8ee4-squid3.jpg'),(61,32,4,'양념이 고루 섞이도록 2분 정도 버무리고 불을 끈 후 참기름과 통깨를 뿌려주세요.','https://damulbucket.s3.ap-northeast-2.amazonaws.com/b824b447-507a-4dad-9c80-e434d9968312-squid4.jpg'),(62,32,5,'완성된 오징어채볶음을 그릇에 담아 내어주세요.','https://damulbucket.s3.ap-northeast-2.amazonaws.com/e112c591-bf52-42d3-98e4-9060f2b89972-thumbnail.jpg'),(63,33,1,'먼저 육수를 만들어주세요\n미지근한 물에 다시마 1장을 넣고 10분간 우려줍니다','https://damulbucket.s3.ap-northeast-2.amazonaws.com/e372b4eb-27e0-4309-8b64-70bf9c557e3d-beef1.png'),(64,33,2,'다시마를 제거한 후, 손질된 멸치를 다시팩에 넣어 끓여주세요','https://damulbucket.s3.ap-northeast-2.amazonaws.com/0ba15dd3-57c4-4e08-b879-440c3f9561e6-beef2.png'),(65,33,3,'그 사이 무와 양파를 먹기 좋은 크기로 잘라주시고, 소고기도 키친타올을 이용해 핏물을 살짝 제거해주세요.','https://damulbucket.s3.ap-northeast-2.amazonaws.com/5731545a-946a-40c8-82a7-b53daa6edbc5-beef3.png'),(66,33,4,'만들어진 육수에 손질된 재료를 넣고 팔팔 끓여주세요','https://damulbucket.s3.ap-northeast-2.amazonaws.com/f9dd5cb0-bd81-452b-b866-12ec81c9ef88-beef4.png'),(67,33,5,'완성!\n아기가 먹을거라 간은 따로 안하셔도 됩니다^^','https://damulbucket.s3.ap-northeast-2.amazonaws.com/11b2d1d1-496b-4d3e-bcc0-db94ddec3a7b-thumbnail.png'),(68,34,1,'완전 푹! 익은 바나나 3개를 잘 으깨요\n달걀1개, 올리고당3큰술, 우유2큰술, 녹인버터1/3컵 을 넣어용','https://damulbucket.s3.ap-northeast-2.amazonaws.com/ad856f2a-b778-46fb-9974-fe49cfff952e-bread1.png'),(69,34,2,'바닐라에센스 1작은술 (없으면 미림 2작은술)을 넣어 거품기로 잘 저어 주세요!\n>> 오븐 180도 예열합니다. (화씨 350도)','https://damulbucket.s3.ap-northeast-2.amazonaws.com/34c16dae-2895-4e64-9869-c5848a04aed6-bread2.png'),(70,34,3,'가루류(밀가루1컵반, 설탕 1/2컵, 소금1꼬집, 베이킹소다, 베이킹파우더 각 각 1작은술)을 모두 함께해서 2~3번을 채쳐 주세요.','https://damulbucket.s3.ap-northeast-2.amazonaws.com/73656711-2152-49f4-a5c1-d485b0b35598-bread3.png'),(71,34,4,'준비한 바나나반죽과 가루류들을 합체!\n거품기로 가루가 안보일 정도로만 살살 저어주세요,','https://damulbucket.s3.ap-northeast-2.amazonaws.com/f548bf75-7613-43ac-b9cf-269a9f91dd2a-bread4.png'),(72,34,5,'너트류가 있으면 씹는맛이 좋으니 넣어도 좋아요.','https://damulbucket.s3.ap-northeast-2.amazonaws.com/0eb1fe4a-dbd8-4116-8b98-3a45760ac1a0-bread5.png'),(73,34,6,'가볍게 살살 섞으세요.\n너무 세게, 많이 섞게되면 글루텐이 형성되어 질긴 빵이 될 수 있어요.\n이건 가벼운 브레드임을 명심!!','https://damulbucket.s3.ap-northeast-2.amazonaws.com/70b4f5cf-c78c-4236-b625-a87477bbaa7f-bread6.png'),(74,34,7,'버터를 바른 틀에 반죽을 넣고 바닥에 2~3번 탕탕 쳐 주어 공기를 뺍니다.\n남은 1개의 바나나를 썰어 고명으로 올리세요.\n나중에 이 바나나도 쫀득달짝~','https://damulbucket.s3.ap-northeast-2.amazonaws.com/496797f2-31c2-4728-bd28-668771a60abc-bread7.png'),(75,34,8,'180도 오븐에서 30~40분을 굽다가 잠시 오븐을 열어 설탕 1작은술 뿌려준 후 추가 10분간을 컬러를 보면서 굽습니다.\n마지막에 젓가락으로 찔러 아무것도 묻어나지 않고 깨끗하면 꺼내세요.','https://damulbucket.s3.ap-northeast-2.amazonaws.com/27d0e9da-cb37-4192-820a-b92368e185b9-bread8.png'),(76,34,9,'꺼낸 바나나 브레드 위에 슈가파우더 하얗게 뿌려내면 완성! 입니다.','https://damulbucket.s3.ap-northeast-2.amazonaws.com/263d3183-87a0-48ee-b798-d29858bf7905-bread9.png'),(77,35,1,'불닭 볶음면에 뜨거운 물을 담고, 그동안 핫 바를 데웁니다.','https://damulbucket.s3.ap-northeast-2.amazonaws.com/3642a06f-07e1-4598-8e7b-e6a8d2c47cfb-MyRecipe.jpg'),(78,35,2,'불닭 볶음면 소스를 넣어주고 핫 바를 잘게 썰어 스트링 치즈를 얹고 전자레인지에 3분 간 돌리면 끝!','https://damulbucket.s3.ap-northeast-2.amazonaws.com/830f6a16-21f7-4fcd-9667-6f513467bcd1-MyRecipe.jpg');
/*!40000 ALTER TABLE `recipe_steps` ENABLE KEYS */;
UNLOCK TABLES;

--
-- Table structure for table `report`
--

DROP TABLE IF EXISTS `report`;
/*!40101 SET @saved_cs_client     = @@character_set_client */;
/*!50503 SET character_set_client = utf8mb4 */;
CREATE TABLE `report` (
  `id` int(11) NOT NULL AUTO_INCREMENT,
  `reporter_id` int(11) NOT NULL,
  `category_id` int(11) NOT NULL,
  `report_type` enum('RECIPE','COMMENT','POST') COLLATE utf8mb4_bin NOT NULL,
  `target_id` int(11) NOT NULL,
  `description` text COLLATE utf8mb4_bin DEFAULT NULL,
  `status` enum('PENDING','RESOLVED','REJECTED') COLLATE utf8mb4_bin NOT NULL DEFAULT 'PENDING',
  `created_at` datetime NOT NULL DEFAULT current_timestamp(),
  `resolved_at` datetime DEFAULT NULL,
  PRIMARY KEY (`id`),
  KEY `reporter_id` (`reporter_id`),
  KEY `category_id` (`category_id`),
  CONSTRAINT `report_ibfk_1` FOREIGN KEY (`reporter_id`) REFERENCES `users` (`id`),
  CONSTRAINT `report_ibfk_2` FOREIGN KEY (`category_id`) REFERENCES `report_category` (`id`)
) ENGINE=InnoDB AUTO_INCREMENT=13 DEFAULT CHARSET=utf8mb4 COLLATE=utf8mb4_bin;
/*!40101 SET character_set_client = @saved_cs_client */;

--
-- Dumping data for table `report`
--

LOCK TABLES `report` WRITE;
/*!40000 ALTER TABLE `report` DISABLE KEYS */;
INSERT INTO `report` VALUES (1,16,2,'POST',15,'토마토러버라면서 자꾸 도배해요ㅡㅡ!!!','PENDING','2025-02-16 21:21:45',NULL),(2,3,4,'RECIPE',25,'토마토 싫어하는데 러버라서 싫어요','PENDING','2025-02-19 10:46:23',NULL),(3,3,4,'RECIPE',25,'토마토 싫어하는데 러버라서 싫어요','PENDING','2025-02-19 10:46:47',NULL),(4,3,4,'RECIPE',25,'토마토 싫어하는데 러버라서 싫어요','PENDING','2025-02-19 10:46:49',NULL),(5,78,5,'RECIPE',3,'1234','PENDING','2025-02-19 12:04:49',NULL),(6,15,1,'RECIPE',19,'ㅇㅇㅇ','PENDING','2025-02-20 19:56:02',NULL),(7,15,1,'RECIPE',1,'dsadsa','PENDING','2025-02-20 20:07:29',NULL),(8,15,3,'RECIPE',3,'dd','PENDING','2025-02-20 23:14:06',NULL),(9,15,5,'RECIPE',19,'dd','PENDING','2025-02-20 23:14:21',NULL),(10,101,1,'RECIPE',3,'ㅂ','PENDING','2025-02-21 11:03:08',NULL),(11,101,1,'RECIPE',3,'악성유저임','PENDING','2025-02-21 11:03:15',NULL),(12,101,1,'RECIPE',3,'악성유저임악성유저임악성유저임악성유저임악성유저임악성유저임악성유저임악성유저임악성유저임악성유저임악성유저임악성유저임악성유저임악성유저임악성유저임악성유저임악성유저임악성유저임악성유저임악성유저임악성유저임악성유저임악성유저임악성유저임악성유저임악성유저임악성유저임악성유저임악성유저임악성유저임악성유저임악성유저임악성유저임악성유저임악성유저임악성유저임악성유저임악성유저임악성유저임악성유저임악성유저임악성유저임악성유저임악성유저임악성유저임악성유저임악성유저임악성유저임악성유저임악성유저임악성유저임악성유저임악성유저임악성유저임악성유저임악성유저임악성유저임악성유저임악성유저임악성유저임악성유저임악성유저임악성유저임악성유저임악성유저임악성유저임악성유저임악성유저임악성유저임악성유저임악성유저임악성유저임악성유저임악성유저임악성유저임악성유저임악성유저임악성유저임악성유저임악성유저임악성유저임악성유저임악성유저임악성유저임악성유저임악성유저임악성유저임악성유저임악성유저임악성유저임악성유저임악성유저임악성유저임악성유저임악성유저임악성유저임악성유저임악성유저임악성유저임악성유저임악성유저임악성유저임악성유저임악성유저임악성유저임악성유저임악성유저임악성유저임악성유저임악성유저임악성유저임악성유저임악성유저임악성유저임악성유저임악성유저임악성유저임악성유저임악성유저임악성유저임악성유저임악성유저임악성유저임악성유저임악성유저임악성유저임악성유저임악성유저임악성유저임악성유저임악성유저임악성유저임악성유저임악성유저임악성유저임악성유저임','PENDING','2025-02-21 11:03:20',NULL);
/*!40000 ALTER TABLE `report` ENABLE KEYS */;
UNLOCK TABLES;

--
-- Table structure for table `food_items`
--

DROP TABLE IF EXISTS `food_items`;
/*!40101 SET @saved_cs_client     = @@character_set_client */;
/*!50503 SET character_set_client = utf8mb4 */;
CREATE TABLE `food_items` (
  `id` int(11) NOT NULL AUTO_INCREMENT,
  `category_id` int(11) DEFAULT NULL,
  `item_name` varchar(100) COLLATE utf8mb4_bin DEFAULT NULL,
  `item_code` varchar(10) COLLATE utf8mb4_bin DEFAULT NULL,
  `kind_code` varchar(10) COLLATE utf8mb4_bin DEFAULT NULL,
  `unit` varchar(20) COLLATE utf8mb4_bin DEFAULT NULL,
  `eco_flag` tinyint(1) DEFAULT NULL,
  PRIMARY KEY (`id`),
  KEY `category_id` (`category_id`),
  CONSTRAINT `food_items_ibfk_1` FOREIGN KEY (`category_id`) REFERENCES `food_categories` (`id`)
) ENGINE=InnoDB AUTO_INCREMENT=157 DEFAULT CHARSET=utf8mb4 COLLATE=utf8mb4_bin;
/*!40101 SET character_set_client = @saved_cs_client */;

--
-- Dumping data for table `food_items`
--

LOCK TABLES `food_items` WRITE;
/*!40000 ALTER TABLE `food_items` DISABLE KEYS */;
INSERT INTO `food_items` VALUES (1,1,'쌀','111','01','20kg',0),(2,1,'백미','111','02','4kg',1),(3,1,'현미','111','03','2kg',1),(4,1,'햅쌀','111','05','20kg',0),(5,1,'쌀','111','10','10kg',0),(6,1,'햅쌀','111','11','10kg',0),(7,1,'찹쌀','112','01','1kg',0),(8,1,'기장','114','01','400g',1),(9,1,'콩(국산)','141','01','500g',0),(10,1,'팥(국산)','142','00','500g',0),(11,1,'녹두(국산)','143','00','500g',0),(12,1,'고구마(밤)','151','00','1kg',1),(13,1,'감자','152','00','1kg',0),(14,1,'감자(수미)','152','01','100g',1),(20,1,'귀리','161','01','1kg',1),(21,1,'보리','162','01','800g',1),(22,1,'수수','163','01','400g',1),(23,1,'율무','164','01','400g',1),(24,9,'배추(봄)','211','01','1포기',1),(25,9,'배추(고랭지)','211','02','1포기',0),(26,9,'배추(가을)','211','03','1포기',0),(27,9,'배추(월동)','211','06','1포기',0),(28,9,'양배추','212','00','1포기',1),(29,9,'시금치','213','00','100g',1),(30,9,'상추(적)','214','01','100g',1),(31,9,'상추(청)','214','02','100g',1),(32,9,'얼갈이배추','215','00','1kg',0),(33,9,'갓','216','00','1kg',0),(34,2,'수박','221','00','1개',1),(35,2,'참외','222','00','10개',0),(36,9,'오이(가시)','223','01','10개',0),(37,9,'오이(다다기)','223','02','10개',0),(38,9,'오이(취청)','223','03','10개',0),(39,9,'애호박','224','01','1개',1),(40,9,'호박(쥬키니)','224','02','1개',0),(41,9,'토마토','225','00','1kg',1),(42,2,'딸기','226','00','100g',1),(43,9,'무(봄)','231','01','1개',1),(44,9,'무(고랭지)','231','02','1개',0),(45,9,'무(가을)','231','03','1개',0),(46,9,'무(월동)','231','06','1개',0),(47,9,'당근(무세척)','232','01','1kg',0),(48,9,'열무','233','00','1kg',0),(49,9,'건고추','241','00','600g',0),(50,9,'풋고추','242','00','100g',0),(51,9,'꽈리고추','242','02','100g',0),(52,9,'청양고추','242','03','100g',0),(53,9,'오이맛고추','242','04','100g',0),(54,9,'붉은고추','243','00','100g',0),(55,9,'양파','245','00','1kg',0),(56,9,'대파','246','00','1kg',1),(57,9,'쪽파','246','02','1kg',0),(58,9,'생강(국산)','247','00','1kg',1),(59,6,'고춧가루(국산)','248','00','1kg',0),(60,6,'고춧가루(중국산)','248','01','1kg',0),(61,9,'가지','251','00','200g',1),(62,9,'미나리','252','00','100g',0),(63,9,'깻잎','253','00','100g',0),(64,9,'부추','254','00','200g',1),(65,9,'피망','255','00','100g',0),(66,9,'파프리카','256','00','200g',0),(67,2,'멜론','257','00','1개',0),(68,9,'마늘(국산)','258','01','1kg',0),(69,9,'브로콜리','261','01','100g',1),(70,9,'양상추','262','01','100g',1),(71,9,'절임배추(봄)','266','01','20kg',0),(72,9,'절임배추(고랭지)','266','02','20kg',0),(73,9,'절임배추(가을)','266','03','20kg',0),(74,9,'절임배추(월동)','266','04','20kg',0),(75,9,'알배기배추','279','00','1포기',0),(76,9,'브로콜리(국산)','280','00','1개',0),(77,2,'방울토마토','422','01','1kg',0),(78,2,'대추방울토마토','422','02','1kg',0),(79,2,'사과(후지)','411','05','10개',0),(80,2,'사과(홍로)','411','07','10개',0),(81,2,'배(원황)','412','04','10개',0),(82,2,'복숭아(백도)','413','01','10개',0),(83,2,'포도(캠벨)','414','01','1kg',0),(84,2,'포도(거봉)','414','02','2kg',0),(85,2,'포도(MBA)','414','06','1kg',0),(86,2,'포도(수입)','414','07','1kg',0),(87,2,'포도(샤인머스켓)','414','12','2kg',0),(88,2,'감귤','415','00','3kg',1),(89,2,'감귤(노지)','415','01','10개',0),(90,2,'감귤(시설)','415','02','10개',0),(91,2,'단감','416','00','10개',0),(92,2,'바나나(수입)','418','02','100g',0),(93,2,'참다래(국산)','419','01','10개',0),(94,2,'참다래(뉴질랜드)','419','02','10개',0),(95,2,'파인애플(수입)','420','02','1개',0),(96,2,'오렌지(미국)','421','03','10개',0),(97,2,'오렌지(호주)','421','06','10개',0),(98,2,'레몬(수입)','424','00','10개',0),(99,2,'체리(수입)','425','00','100g',0),(100,2,'망고(수입)','428','00','1개',0),(101,9,'아보카도(수입)','430','00','1개',0),(102,5,'고등어(국산)','611','03','1손',0),(103,5,'고등어(수입)','611','08','1손',0),(104,5,'꽁치(수입)','612','01','5마리',0),(105,5,'갈치(국산)','613','03','1마리',0),(106,5,'갈치(국산)','613','04','1마리',0),(107,5,'조기(냉동)','614','06','1마리',0),(108,5,'굴비','614','07','1마리',0),(109,5,'명태(수입)','615','04','1마리',0),(110,5,'명태(냉동)','615','05','1kg',0),(111,5,'오징어(신선)','619','03','1마리',0),(112,5,'오징어(냉동)','619','04','1마리',0),(113,5,'오징어(원양)','619','05','1마리',0),(114,5,'건멸치','638','00','100g',0),(115,5,'건오징어','640','00','10마리',0),(116,5,'마른김','641','00','10장',0),(117,5,'구운김','641','01','10장',0),(118,5,'굴','644','00','1kg',0),(119,5,'조기(부세)','649','04','1마리',0),(120,6,'새우젓','650','00','1kg',0),(121,6,'멸치액젓','651','00','1kg',0),(122,6,'굵은소금','652','00','5kg',0),(123,5,'전복','653','00','5마리',0),(124,5,'새우(수입)','654','01','10마리',0),(125,5,'홍합(냉장)','658','01','100g',0),(126,5,'홍합(냉장)','658','02','1kg',0),(127,5,'가리비','659','01','1kg',0),(128,5,'다시마(완도)','660','01','100g',0),(129,6,'참깨(국산)','312','01','500g',0),(130,6,'참깨(중국산)','312','02','500g',0),(131,10,'땅콩(국산)','314','01','100g',0),(132,10,'땅콩(수입)','314','02','100g',0),(133,10,'느타리버섯','315','00','100g',0),(134,10,'애느타리버섯','315','01','100g',0),(135,10,'팽이버섯','316','00','150g',0),(136,10,'새송이버섯','317','00','100g',0),(137,10,'호두(수입)','318','00','100g',0),(138,10,'아몬드(수입)','319','00','100g',0),(139,10,'표고버섯','322','01','100g',1),(140,8,'소(안심)','4301','21','100g',0),(141,8,'소(등심)','4301','22','100g',0),(142,8,'소(설도)','4301','36','100g',0),(143,8,'소(양지)','4301','40','100g',0),(144,8,'소(갈비)','4301','50','100g',0),(145,8,'돼지(앞다리)','4304','25','100g',0),(146,8,'돼지(삼겹살)','4304','27','100g',0),(147,8,'돼지(갈비)','4304','28','100g',0),(148,8,'돼지(목심)','4304','68','100g',0),(149,8,'소고기(수입갈비)','4401','31','100g',0),(150,8,'소고기(수입갈비살)','4401','37','100g',0),(151,8,'돼지고기(수입삼겹살)','4402','27','100g',0),(152,8,'닭(절단육)','9901','24','1kg',0),(153,8,'닭(육계)','9901','99','1kg',0),(154,7,'계란(특란)','9903','21','10구',0),(155,7,'계란(특란)','9903','23','30구',0),(156,7,'우유','9908','01','1L',0);
/*!40000 ALTER TABLE `food_items` ENABLE KEYS */;
UNLOCK TABLES;

--
-- Table structure for table `chat_messages`
--

DROP TABLE IF EXISTS `chat_messages`;
/*!40101 SET @saved_cs_client     = @@character_set_client */;
/*!50503 SET character_set_client = utf8mb4 */;
CREATE TABLE `chat_messages` (
  `id` int(11) NOT NULL AUTO_INCREMENT,
  `room_id` int(11) NOT NULL,
  `sender_id` int(11) DEFAULT NULL,
  `message_type` enum('TEXT','IMAGE','FILE','SYSTEM') COLLATE utf8mb4_bin NOT NULL DEFAULT 'TEXT',
  `content` text COLLATE utf8mb4_bin DEFAULT NULL,
  `file_url` varchar(255) COLLATE utf8mb4_bin DEFAULT NULL,
  `created_at` datetime NOT NULL DEFAULT current_timestamp(),
  PRIMARY KEY (`id`),
  KEY `room_id` (`room_id`),
  KEY `sender_id` (`sender_id`),
  CONSTRAINT `chat_messages_ibfk_1` FOREIGN KEY (`room_id`) REFERENCES `chat_rooms` (`id`),
  CONSTRAINT `chat_messages_ibfk_2` FOREIGN KEY (`sender_id`) REFERENCES `users` (`id`)
) ENGINE=InnoDB AUTO_INCREMENT=632 DEFAULT CHARSET=utf8mb4 COLLATE=utf8mb4_bin;
/*!40101 SET character_set_client = @saved_cs_client */;

--
-- Dumping data for table `chat_messages`
--

LOCK TABLES `chat_messages` WRITE;
/*!40000 ALTER TABLE `chat_messages` DISABLE KEYS */;
INSERT INTO `chat_messages` VALUES (1,1,NULL,'SYSTEM','토마토러버전종우님이 신성우, 윤서희, 유림2, 유림, 서흐e, 비쵸비러버한재서님을 초대하였습니다.',NULL,'2025-02-17 16:18:32'),(2,1,15,'TEXT','하이',NULL,'2025-02-17 16:18:36'),(3,1,19,'TEXT','야',NULL,'2025-02-17 16:19:23'),(4,1,19,'TEXT','야야',NULL,'2025-02-17 16:19:40'),(5,1,15,'TEXT','ㅋㅋㅋㅋㅋㅋ난 과거에 살아',NULL,'2025-02-17 16:20:06'),(6,1,15,'TEXT','ㅋㅋㅋ',NULL,'2025-02-17 16:20:21'),(7,1,15,'TEXT','ㅋㅋㅋ',NULL,'2025-02-17 16:20:32'),(8,2,NULL,'SYSTEM','서흐e님이 토마토러버전종우님을 초대하였습니다.',NULL,'2025-02-17 16:22:06'),(9,3,NULL,'SYSTEM','윤서희님이 서흐e님을 초대하였습니다.',NULL,'2025-02-17 16:22:47'),(10,3,20,'TEXT','ㅋㅋㅋㅋㅋㅋ',NULL,'2025-02-17 16:22:59'),(11,3,20,'TEXT','zzzz',NULL,'2025-02-17 16:23:45'),(12,3,20,'TEXT','ㅋㅋㅋㅋㅋ',NULL,'2025-02-17 16:23:48'),(13,3,20,'TEXT','ㅇㅋ호ㅓㅜㅏㅅㅎ포ㅓㅠㅜ',NULL,'2025-02-17 16:23:51'),(14,3,20,'TEXT','ㅋㅋㅋㅋㅋㅋ',NULL,'2025-02-17 16:23:54'),(15,1,25,'TEXT','gdgd',NULL,'2025-02-17 07:35:31'),(16,1,25,'TEXT','안녕하세요',NULL,'2025-02-17 07:35:44'),(17,1,19,'TEXT','하이',NULL,'2025-02-17 07:36:29'),(18,1,19,'TEXT','간다아아아',NULL,'2025-02-17 07:36:33'),(19,1,19,'TEXT','우왕',NULL,'2025-02-17 07:36:37'),(20,1,25,'TEXT','예ㅔㅔㅔㅔㅔㅔ~~~~~~',NULL,'2025-02-17 07:36:38'),(21,1,19,'TEXT','기분이 너무 좋아요 ~~~',NULL,'2025-02-17 07:36:42'),(22,1,25,'TEXT','약간의 공백',NULL,'2025-02-17 07:36:45'),(23,1,19,'TEXT','그게 진짜 킹받ㄷ는대ㅔ',NULL,'2025-02-17 07:36:50'),(24,1,19,'TEXT','그걷ㅅ도 좋ㅁ 줄인거임',NULL,'2025-02-17 07:36:53'),(25,1,19,'TEXT','ㅠ',NULL,'2025-02-17 07:36:54'),(26,1,1,'TEXT','하이룽',NULL,'2025-02-17 07:37:08'),(27,1,1,'TEXT','왜안됐던거임?',NULL,'2025-02-17 07:37:12'),(28,3,19,'TEXT','dmd ehla',NULL,'2025-02-17 07:42:13'),(29,3,19,'TEXT','어ㅡ돼',NULL,'2025-02-17 07:42:15'),(30,3,20,'TEXT','zzzz',NULL,'2025-02-17 07:42:38'),(31,3,19,'TEXT','ㅋㅋㅋㅋㅋ',NULL,'2025-02-17 07:43:43'),(32,3,19,'TEXT','ㅋㅋㅋㅋ',NULL,'2025-02-17 07:43:50'),(33,3,20,'TEXT','zzz',NULL,'2025-02-17 07:43:56'),(34,2,19,'TEXT','ㅎㅎ',NULL,'2025-02-17 07:45:01'),(38,5,NULL,'SYSTEM','서흐e님이 비쵸비러버한재서, 토마토러버전종우님을 초대하였습니다.',NULL,'2025-02-17 07:45:56'),(40,1,25,'TEXT','이거 백엔드 웹소켓컨피그 설정 때문에',NULL,'2025-02-17 07:56:37'),(41,6,NULL,'SYSTEM','윤서희님이 토마토러버전종우님을 초대하였습니다.',NULL,'2025-02-17 08:00:57'),(42,2,15,'TEXT','ㅇㅋ',NULL,'2025-02-17 08:23:19'),(43,2,15,'TEXT','ㅋㅋㅋ',NULL,'2025-02-17 08:23:20'),(44,2,15,'TEXT','ㅇㅇ',NULL,'2025-02-17 08:23:22'),(45,2,15,'TEXT','ㅋㅋ',NULL,'2025-02-17 08:23:25'),(46,2,15,'TEXT','ㅅㅅ',NULL,'2025-02-17 08:23:27'),(47,2,15,'TEXT','ㅎㅎ',NULL,'2025-02-17 08:23:29'),(48,2,15,'TEXT','ㅌㅌ',NULL,'2025-02-17 08:23:31'),(49,6,20,'TEXT','zzz',NULL,'2025-02-17 08:24:02'),(50,6,15,'TEXT','ㅇㅇㅇ',NULL,'2025-02-17 08:24:06'),(51,6,15,'TEXT','ㅇㅇㅇㅇ',NULL,'2025-02-17 08:24:07'),(52,5,19,'TEXT','zzz',NULL,'2025-02-17 08:24:24'),(53,5,15,'TEXT','왓어',NULL,'2025-02-17 08:24:33'),(54,5,15,'TEXT','ㅋㅋㅋㅋ',NULL,'2025-02-17 08:24:33'),(55,5,15,'TEXT','왔음 ㅋㅋㅋ',NULL,'2025-02-17 08:24:35'),(56,5,19,'TEXT','오',NULL,'2025-02-17 08:24:36'),(57,5,19,'TEXT','옴',NULL,'2025-02-17 08:24:36'),(58,5,19,'TEXT','ㅋㅋ',NULL,'2025-02-17 08:24:37'),(59,5,15,'TEXT','욕필터링 되나요 여기',NULL,'2025-02-17 08:24:45'),(60,5,15,'TEXT','ㅅㅂ',NULL,'2025-02-17 08:24:54'),(61,5,15,'TEXT','수박',NULL,'2025-02-17 08:25:01'),(62,5,15,'TEXT','ㅇ',NULL,'2025-02-17 08:25:17'),(63,5,19,'TEXT','ㅋㅋㅋ',NULL,'2025-02-17 08:25:41'),(64,5,19,'TEXT','ㅋㅋㅋㅋㅋ',NULL,'2025-02-17 08:25:53'),(65,1,16,'TEXT','드뎌 왔다',NULL,'2025-02-17 08:25:54'),(66,5,15,'TEXT','ㅇㅇㅇ',NULL,'2025-02-17 08:26:05'),(67,5,15,'TEXT','ㅋㅋㅋ',NULL,'2025-02-17 08:26:11'),(68,1,16,'TEXT','해윙',NULL,'2025-02-17 08:26:27'),(69,5,15,'TEXT','ㅁㅁ',NULL,'2025-02-17 08:26:29'),(70,5,15,'TEXT','ㅁㅁㅁㅁ',NULL,'2025-02-17 08:26:32'),(71,1,15,'TEXT','ㅋㅋㅋ',NULL,'2025-02-17 08:26:48'),(72,1,15,'TEXT','ㅇㅇ',NULL,'2025-02-17 08:26:51'),(73,1,15,'TEXT','ㅎㅎ',NULL,'2025-02-17 08:26:54'),(74,1,15,'TEXT','ㅌㅌ',NULL,'2025-02-17 08:26:56'),(75,5,19,'TEXT','ㅇㅇ',NULL,'2025-02-17 08:27:03'),(76,1,19,'TEXT','ㄴㅇㄹㄴㅇ',NULL,'2025-02-17 08:27:13'),(77,1,19,'TEXT','ㅇㄴㄹㄴㅇ',NULL,'2025-02-17 08:27:16'),(78,1,25,'TEXT','시간 체크',NULL,'2025-02-17 18:16:48'),(79,1,1,'TEXT','하이룽',NULL,'2025-02-17 18:23:00'),(80,1,19,'TEXT','우왕',NULL,'2025-02-17 18:27:52'),(81,1,1,'TEXT','오오오오신기해',NULL,'2025-02-17 18:28:54'),(82,1,1,'TEXT','서희집가고잇구나',NULL,'2025-02-17 18:29:00'),(83,1,15,'TEXT','ㅋㅋㅋㅋㅋㅋㅋ',NULL,'2025-02-17 18:42:55'),(84,7,NULL,'SYSTEM','서흐e님이 망고러버오정하님을 초대하였습니다.',NULL,'2025-02-17 18:47:11'),(85,7,19,'TEXT','하이',NULL,'2025-02-17 18:47:14'),(86,7,38,'TEXT','언녕하세요',NULL,'2025-02-17 18:47:37'),(87,7,19,'TEXT','잘 오는군',NULL,'2025-02-17 18:47:56'),(88,7,19,'TEXT','만족합니다....',NULL,'2025-02-17 18:48:01'),(89,3,20,'TEXT','ㅋㅋ',NULL,'2025-02-18 05:21:51'),(99,9,NULL,'SYSTEM','김경수님이 비쵸비러버한재서님을 초대하였습니다.',NULL,'2025-02-17 22:27:21'),(100,9,41,'TEXT','😀',NULL,'2025-02-17 22:27:42'),(101,9,25,'TEXT','이렇게 채팅',NULL,'2025-02-17 22:28:22'),(102,9,41,'TEXT','ㅇㅋ',NULL,'2025-02-17 22:28:31'),(103,10,NULL,'SYSTEM','거친생각의한재서님이 예빈남친님을 초대하였습니다.',NULL,'2025-02-17 22:49:54'),(104,10,40,'TEXT','내가 진짜 한재서입니다',NULL,'2025-02-17 22:50:03'),(106,1,25,'TEXT','아아',NULL,'2025-02-18 09:29:39'),(107,1,19,'TEXT','zz',NULL,'2025-02-18 09:45:11'),(108,1,19,'TEXT','zz',NULL,'2025-02-18 10:05:12'),(109,1,19,'TEXT','dsfsfasf',NULL,'2025-02-18 10:08:36'),(110,1,25,'TEXT','텍스트는?',NULL,'2025-02-18 10:28:45'),(111,1,25,'TEXT','텍스트는?',NULL,'2025-02-18 10:30:34'),(112,1,25,'TEXT','텍스트는?',NULL,'2025-02-18 10:31:43'),(113,1,25,'TEXT','시간',NULL,'2025-02-18 02:05:03'),(114,11,NULL,'SYSTEM','유림님이 신성우님을 초대하였습니다.',NULL,'2025-02-18 07:36:48'),(115,11,1,'TEXT','ㅎㅇ',NULL,'2025-02-18 07:36:52'),(116,1,15,'TEXT','ㅋㅋㅋㅋㅋ',NULL,'2025-02-18 20:47:42'),(117,1,15,'TEXT','ㅋㅌㅊㅋㅌㅊ',NULL,'2025-02-18 20:47:47'),(118,1,20,'TEXT','ㅋㅋㅋㅋㅋ',NULL,'2025-02-18 12:45:24'),(119,12,NULL,'SYSTEM','윤서희님이 토마토러버전종우님을 초대하였습니다.',NULL,'2025-02-18 12:46:08'),(120,1,19,'TEXT','ㅋㅋㅋㅋㅋㅋㅋ',NULL,'2025-02-18 22:13:45'),(121,1,19,'TEXT','ㅋㅋㅌㅋㅌㅋㅌㅋ',NULL,'2025-02-18 22:13:51'),(122,1,20,'TEXT','zzzz',NULL,'2025-02-18 22:29:10'),(123,1,19,'TEXT','ㅋㅋㅋㅋ',NULL,'2025-02-18 22:51:13'),(124,3,19,'TEXT','ㅋㅋㅋㅋㅋ',NULL,'2025-02-18 22:52:18'),(125,3,19,'TEXT','ㅋㅋㅋㅋㅋㅋ',NULL,'2025-02-18 23:01:29'),(126,3,19,'TEXT','ㅋㅋㅋㅋㅋ',NULL,'2025-02-18 23:01:42'),(127,13,NULL,'SYSTEM','윤서희님이 유림2님을 초대하였습니다.',NULL,'2025-02-19 01:35:10'),(128,14,NULL,'SYSTEM','서흐e님이 비쵸비러버한재서님을 초대하였습니다.',NULL,'2025-02-19 02:52:08'),(129,15,NULL,'SYSTEM','서흐e님이 유유테스트데이터3님을 초대하였습니다.',NULL,'2025-02-19 02:52:15'),(134,17,NULL,'SYSTEM','이남재님이 유유테스트데이터5님을 초대하였습니다.',NULL,'2025-02-18 21:39:24'),(135,18,NULL,'SYSTEM','이남재님이 서흐e님을 초대하였습니다.',NULL,'2025-02-18 21:48:15'),(136,18,50,'TEXT','안녕??',NULL,'2025-02-18 21:48:19'),(137,18,50,'TEXT','잘 가?',NULL,'2025-02-18 21:48:22'),(138,18,19,'TEXT','오',NULL,'2025-02-18 21:48:25'),(139,18,50,'TEXT','조금 ',NULL,'2025-02-18 21:48:25'),(140,18,19,'TEXT','잘 오는데',NULL,'2025-02-18 21:48:27'),(141,18,19,'TEXT','근데 느린게 너무 킹받음 ㅠㅠㅠㅠ',NULL,'2025-02-18 21:48:32'),(142,18,50,'TEXT','꽤 빠른 거 같기도 하고',NULL,'2025-02-18 21:48:35'),(143,18,50,'TEXT','아 나한테',NULL,'2025-02-18 21:48:39'),(144,18,19,'TEXT','좀 킹받음',NULL,'2025-02-18 21:48:42'),(145,18,50,'TEXT','보여지는게 ',NULL,'2025-02-18 21:48:43'),(146,18,50,'TEXT','느리네',NULL,'2025-02-18 21:48:44'),(147,18,50,'TEXT','가는 건 느려도 되는ㄷ',NULL,'2025-02-18 21:48:49'),(148,18,19,'TEXT','이제 여기에 이미지를 보내고싶은데 그게 안됨',NULL,'2025-02-18 21:48:54'),(149,18,19,'TEXT','너모 어려움',NULL,'2025-02-18 21:48:55'),(150,18,50,'TEXT','이거 먼저 반영을 하고',NULL,'2025-02-18 21:48:56'),(151,19,NULL,'SYSTEM','서흐이님이 신덩구님을 초대하였습니다.',NULL,'2025-02-19 09:34:30'),(152,19,19,'TEXT','zzzz',NULL,'2025-02-19 09:34:33'),(153,19,19,'TEXT','ㅋㅋㅋㅋㅋ',NULL,'2025-02-19 09:34:34'),(154,19,19,'TEXT','ㅋㅋㅋ',NULL,'2025-02-19 09:34:35'),(155,19,19,'TEXT','ㅋㅋㅋㅋㅋㅋ',NULL,'2025-02-19 09:34:36'),(156,19,19,'TEXT','ㅋㅋㅋㅋㅋㅋㅋㅋ',NULL,'2025-02-19 09:34:38'),(157,19,19,'TEXT','ㅋㅋㅋㅋㅋㅋㅋㅋㅋ',NULL,'2025-02-19 09:34:40'),(158,19,19,'TEXT','ㅋㅋㅋㅋㅋㅋㅋㅋㅋㅋ',NULL,'2025-02-19 09:34:45'),(159,19,19,'TEXT','ㅋㅋㅋㅋㅋㅋㅋㅋㅋㅋ',NULL,'2025-02-19 09:34:47'),(160,19,19,'TEXT','ㅋㅋㅋㅋㅋㅋㅋ',NULL,'2025-02-19 09:34:49'),(161,19,19,'TEXT','ㅋㅋㅋㅋㅋㅋㅋ',NULL,'2025-02-19 09:34:51'),(162,19,19,'TEXT','ㅋㅋㅋㅋㅋㅋㅋ',NULL,'2025-02-19 09:34:53'),(163,19,19,'TEXT','ㅋㅋㅋㅋㅋㅋㅋㅋ',NULL,'2025-02-19 09:34:55'),(165,15,19,'TEXT','1',NULL,'2025-02-19 09:54:46'),(166,15,19,'TEXT','2',NULL,'2025-02-19 09:54:47'),(167,15,19,'TEXT','3',NULL,'2025-02-19 09:54:47'),(168,15,19,'TEXT','4',NULL,'2025-02-19 09:54:48'),(169,15,19,'TEXT','5',NULL,'2025-02-19 09:54:48'),(170,15,19,'TEXT','6',NULL,'2025-02-19 09:54:49'),(171,15,19,'TEXT','7',NULL,'2025-02-19 09:54:49'),(172,15,19,'TEXT','8',NULL,'2025-02-19 09:54:50'),(173,15,19,'TEXT','9',NULL,'2025-02-19 09:54:52'),(174,15,19,'TEXT','10',NULL,'2025-02-19 09:54:54'),(175,15,19,'TEXT','11',NULL,'2025-02-19 09:54:56'),(176,15,19,'TEXT','12',NULL,'2025-02-19 09:54:56'),(177,15,19,'TEXT','13',NULL,'2025-02-19 09:54:57'),(178,15,19,'TEXT','14',NULL,'2025-02-19 09:54:57'),(179,15,19,'TEXT','15',NULL,'2025-02-19 09:54:58'),(180,3,20,'TEXT','ㅋㅋㅋㅋ\nㅋㅋㅋㅋㅋ\n',NULL,'2025-02-19 11:01:09'),(181,3,20,'TEXT','ㅋㅋㅋㅋ',NULL,'2025-02-19 11:01:18'),(182,15,19,'TEXT','ㅋㅋㅋㅋ',NULL,'2025-02-19 11:01:57'),(183,15,19,'TEXT','ㅋㅋㅋ',NULL,'2025-02-19 11:02:01'),(184,7,19,'TEXT','ㅋㅋㅋㅋ',NULL,'2025-02-19 11:02:14'),(185,7,19,'TEXT','ㅋㅋㅋ',NULL,'2025-02-19 11:02:56'),(186,7,19,'TEXT','ㅋㅋ',NULL,'2025-02-19 11:03:13'),(187,7,19,'TEXT','ㅋㅋ',NULL,'2025-02-19 11:03:31'),(188,7,19,'TEXT','ㅋㅋㅋㅋ',NULL,'2025-02-19 11:03:52'),(189,7,19,'TEXT','ㅋㅋㅋ',NULL,'2025-02-19 11:04:05'),(190,7,19,'TEXT','ㅋㅋ',NULL,'2025-02-19 11:04:54'),(191,18,19,'TEXT','ㅋㅋㅋㅋ',NULL,'2025-02-19 11:05:10'),(192,21,NULL,'SYSTEM','서흐이님이 유유테스트데이터7님을 초대하였습니다.',NULL,'2025-02-19 11:06:24'),(193,21,19,'TEXT','ㅋㅋㅋ',NULL,'2025-02-19 11:06:28'),(194,21,19,'TEXT','ㅋㅋㅋㅋㅋㅋ',NULL,'2025-02-19 11:06:30'),(195,21,19,'TEXT','ㅋㅋㅋ',NULL,'2025-02-19 11:06:32'),(196,21,19,'TEXT','ㅋㅋㅋㅋㅋ',NULL,'2025-02-19 11:06:34'),(197,21,19,'TEXT','ㅋㅋㅋㅋㅋ',NULL,'2025-02-19 11:06:36'),(198,21,19,'TEXT','ㅋㅋㅋ',NULL,'2025-02-19 11:06:37'),(199,21,19,'TEXT','1',NULL,'2025-02-19 11:06:39'),(200,21,19,'TEXT','2',NULL,'2025-02-19 11:06:40'),(201,21,19,'TEXT','3',NULL,'2025-02-19 11:06:41'),(202,21,19,'TEXT','4',NULL,'2025-02-19 11:06:43'),(203,21,19,'TEXT','5',NULL,'2025-02-19 11:06:54'),(204,21,19,'TEXT','6',NULL,'2025-02-19 11:06:56'),(205,21,19,'TEXT','7',NULL,'2025-02-19 11:07:01'),(206,21,19,'TEXT','8',NULL,'2025-02-19 11:07:03'),(207,21,19,'TEXT','9',NULL,'2025-02-19 11:07:13'),(208,22,NULL,'SYSTEM','서흐이님이 유유테스트데이터1님을 초대하였습니다.',NULL,'2025-02-19 11:11:41'),(209,22,19,'TEXT','1',NULL,'2025-02-19 11:11:44'),(210,22,19,'TEXT','2',NULL,'2025-02-19 11:11:45'),(211,22,19,'TEXT','3',NULL,'2025-02-19 11:11:45'),(212,22,19,'TEXT','4',NULL,'2025-02-19 11:11:45'),(213,22,19,'TEXT','5',NULL,'2025-02-19 11:11:46'),(214,22,19,'TEXT','6',NULL,'2025-02-19 11:11:46'),(215,22,19,'TEXT','7',NULL,'2025-02-19 11:11:46'),(216,22,19,'TEXT','8',NULL,'2025-02-19 11:11:47'),(217,22,19,'TEXT','9',NULL,'2025-02-19 11:11:47'),(218,22,19,'TEXT','10',NULL,'2025-02-19 11:11:54'),(219,22,19,'TEXT','11',NULL,'2025-02-19 11:12:03'),(220,22,19,'TEXT','ㅋㅋㅋ',NULL,'2025-02-19 11:16:59'),(221,22,19,'TEXT','ㅋㅋㅋ',NULL,'2025-02-19 11:24:02'),(222,22,19,'TEXT','ㅋㅋ',NULL,'2025-02-19 11:26:57'),(223,22,19,'TEXT','ㅋㅋ',NULL,'2025-02-19 11:32:36'),(224,23,NULL,'SYSTEM','윤서희님이 서흐이님을 초대하였습니다.',NULL,'2025-02-19 11:42:47'),(225,23,20,'TEXT','ㅋㅋㅋㅋㅋㅋㅋ',NULL,'2025-02-19 11:42:51'),(226,23,20,'TEXT','ㅋㅋㅋ',NULL,'2025-02-19 11:46:43'),(227,23,20,'TEXT','ㅋㅋㅋ',NULL,'2025-02-19 11:47:00'),(228,23,20,'TEXT','ㅁㅁ',NULL,'2025-02-19 11:48:30'),(229,23,20,'TEXT','ㅠ',NULL,'2025-02-19 11:51:51'),(230,23,20,'TEXT','ㅋ',NULL,'2025-02-19 11:52:26'),(231,23,20,'TEXT','ㅋ',NULL,'2025-02-19 11:52:48'),(232,23,20,'TEXT','ㅋ',NULL,'2025-02-19 11:53:10'),(233,23,20,'TEXT','ㅋ',NULL,'2025-02-19 11:57:03'),(234,23,20,'TEXT','ㅋ',NULL,'2025-02-19 12:00:09'),(235,23,20,'TEXT','ㅋㅋ',NULL,'2025-02-19 12:06:38'),(236,23,20,'TEXT','ㅋ',NULL,'2025-02-19 12:10:01'),(237,23,20,'TEXT','ㅋ',NULL,'2025-02-19 12:13:00'),(238,23,20,'TEXT','ㅋ',NULL,'2025-02-19 12:17:03'),(239,23,20,'TEXT','ㅋㅋ',NULL,'2025-02-19 12:19:00'),(240,14,19,'FILE','','https://damulbucket.s3.ap-northeast-2.amazonaws.com/70d4e309-99e1-4bd3-b8a2-7eba929b4cbb-receipt_image5.jpg','2025-02-19 19:05:01'),(241,14,25,'TEXT','asdf',NULL,'2025-02-19 10:11:25'),(242,14,19,'FILE','','https://damulbucket.s3.ap-northeast-2.amazonaws.com/7f1a3bfb-3812-4ace-b8c2-7b5c47824f75-receipt_image5.jpg','2025-02-19 19:12:11'),(243,14,19,'FILE','','https://damulbucket.s3.ap-northeast-2.amazonaws.com/e74617d8-5936-4b7e-9d09-1ccdce29dbb5-receipt_image5.jpg','2025-02-19 19:27:04'),(244,24,NULL,'SYSTEM','빵유림님이 채팅방을 생성하였습니다.',NULL,'2025-02-19 10:38:20'),(245,24,3,'TEXT','들어오시면 인사 부탁드려요~~',NULL,'2025-02-19 10:40:39'),(246,25,NULL,'SYSTEM','피자러버신성우님이 변서진님을 초대하였습니다.',NULL,'2025-02-19 11:06:39'),(247,26,NULL,'SYSTEM','오늘은내가요리사님이 jordi님을 초대하였습니다.',NULL,'2025-02-19 11:06:40'),(248,26,1,'TEXT','안녕하세요!!',NULL,'2025-02-19 11:06:44'),(249,25,16,'TEXT','안녕하세요^^ 잘부탁드립니다. 다믈랭 입니다.',NULL,'2025-02-19 11:06:56'),(250,27,NULL,'SYSTEM','피자러버신성우님이 jordi님을 초대하였습니다.',NULL,'2025-02-19 11:07:42'),(251,27,16,'TEXT','안녕하세요. 잘 부탁드립니다. 다믈랭입니다.^^',NULL,'2025-02-19 11:08:08'),(252,28,NULL,'SYSTEM','윤서희님이 채팅방을 생성하였습니다.',NULL,'2025-02-19 11:09:51'),(253,29,NULL,'SYSTEM','오늘은내가요리사님이 최소영님을 초대하였습니다.',NULL,'2025-02-19 11:10:33'),(254,29,1,'TEXT','엄마다!!',NULL,'2025-02-19 11:10:36'),(255,30,NULL,'SYSTEM','비쵸비러버한재서님이 채팅방을 생성하였습니다.',NULL,'2025-02-19 11:10:52'),(256,29,57,'TEXT','어머머',NULL,'2025-02-19 11:11:22'),(257,29,57,'TEXT','이런 기능도 있구나 대단한 girl',NULL,'2025-02-19 11:11:47'),(258,29,1,'TEXT','후후후',NULL,'2025-02-19 11:12:15'),(259,29,1,'TEXT','채팅까지있찌롱',NULL,'2025-02-19 11:12:16'),(260,28,NULL,'SYSTEM','비쵸비러버한재서님이 입장하셨습니다.',NULL,'2025-02-19 11:14:13'),(261,28,20,'TEXT','하이',NULL,'2025-02-19 11:14:25'),(262,28,NULL,'SYSTEM','피자러버신성우님이 입장하셨습니다.',NULL,'2025-02-19 11:14:47'),(263,28,16,'TEXT','안녕하세요.',NULL,'2025-02-19 11:15:02'),(264,28,16,'TEXT','장소가 어디일까요?',NULL,'2025-02-19 11:15:13'),(265,28,25,'TEXT','안녕하세요 근데 이건 qa 하시는 분들이',NULL,'2025-02-19 11:15:21'),(266,28,25,'TEXT','어차피 못 봐요',NULL,'2025-02-19 11:15:23'),(267,24,NULL,'SYSTEM','피자러버신성우님이 입장하셨습니다.',NULL,'2025-02-19 11:15:36'),(268,24,NULL,'SYSTEM','비쵸비러버한재서님이 입장하셨습니다.',NULL,'2025-02-19 11:15:59'),(269,24,25,'TEXT','안녕하세요',NULL,'2025-02-19 11:16:04'),(270,24,3,'TEXT','안녕하세요 다들 얼마사실 예정인지',NULL,'2025-02-19 11:16:41'),(271,24,25,'TEXT','전 그냥 심심해서 들어왔어요',NULL,'2025-02-19 11:17:08'),(272,24,3,'TEXT','??? 모집완료했어요!!',NULL,'2025-02-19 11:17:33'),(273,24,16,'TEXT','배송비 무료인가요?',NULL,'2025-02-19 11:17:43'),(274,31,NULL,'SYSTEM','윤서희님이 나야나72님을 초대하였습니다.',NULL,'2025-02-19 11:21:38'),(275,31,20,'TEXT','아빠',NULL,'2025-02-19 11:21:57'),(276,31,63,'TEXT','즐겨찾기 어케하는지 모르겠네',NULL,'2025-02-19 11:24:17'),(277,32,NULL,'SYSTEM','test1234님이 윤2님을 초대하였습니다.',NULL,'2025-02-19 12:14:00'),(278,32,78,'TEXT','1',NULL,'2025-02-19 12:14:07'),(279,32,78,'TEXT','23',NULL,'2025-02-19 12:14:10'),(280,32,78,'TEXT','3',NULL,'2025-02-19 12:14:12'),(281,32,78,'TEXT','43\n\n\n5132\n\n\n\n\n\n\n\n\n',NULL,'2025-02-19 12:14:18'),(282,32,78,'TEXT','\n\n\n\n\n\n\n\n3',NULL,'2025-02-19 12:14:37'),(283,33,NULL,'SYSTEM','test1234님이 윤2님을 초대하였습니다.',NULL,'2025-02-19 12:16:34'),(284,33,78,'TEXT','1',NULL,'2025-02-19 12:16:37'),(285,33,78,'TEXT','43',NULL,'2025-02-19 12:17:02'),(286,33,78,'TEXT','32',NULL,'2025-02-19 12:18:10'),(287,33,78,'TEXT','2222222222222222222222222222222222222222222222222222222222222222222222222222222222222222222222222222222222222222222222222222222222222222222222222222222222222222222222222222222222222222222222222222222222222222222222222222222222222222222222222222222222222222222222222222222222222222222222222222222222222222222222222222222222222222222222222222222222222222',NULL,'2025-02-19 12:26:12'),(288,34,NULL,'SYSTEM','jordi님이 변서진님을 초대하였습니다.',NULL,'2025-02-19 12:47:47'),(289,24,3,'TEXT','아니요 돈주세요',NULL,'2025-02-19 12:49:28'),(290,35,NULL,'SYSTEM','gw님이 잉지님을 초대하였습니다.',NULL,'2025-02-19 12:55:33'),(291,35,47,'TEXT','ㅎㅇ',NULL,'2025-02-19 12:55:35'),(292,35,83,'TEXT','ㅋㅋㅋㅋㅋㅋㅋ',NULL,'2025-02-19 12:59:02'),(293,36,NULL,'SYSTEM','빵유림님이 아아메한잔님을 초대하였습니다.',NULL,'2025-02-19 13:04:12'),(294,36,3,'TEXT','저기요',NULL,'2025-02-19 13:04:14'),(295,36,3,'TEXT','아아메 사주세요',NULL,'2025-02-19 13:04:31'),(296,36,3,'TEXT','아아메내놔~~~',NULL,'2025-02-19 13:05:44'),(297,36,86,'TEXT','ㅋㅋㅋㅋㅋㅋㅋㅋㅋㅋㅋ',NULL,'2025-02-19 13:05:49'),(298,36,3,'TEXT','폰으로하고이써??',NULL,'2025-02-19 13:05:53'),(299,36,3,'TEXT','신기하지 어때',NULL,'2025-02-19 13:05:56'),(300,36,86,'TEXT','아아메 없져응응',NULL,'2025-02-19 13:05:59'),(301,36,3,'TEXT','아아메 내놔잇',NULL,'2025-02-19 13:06:04'),(302,36,86,'TEXT','폰으로 채팅 근데 살짝 불편하당',NULL,'2025-02-19 13:06:09'),(303,36,3,'TEXT','컴퓨터는 완전편한대 히히',NULL,'2025-02-19 13:06:15'),(304,36,86,'TEXT','채팅칠때 전송버튼이 한 ㄹ화면애ㅜ없어서',NULL,'2025-02-19 13:06:20'),(305,36,86,'TEXT','채팅치고 오른똑으로 끌어서 눌러야대ㅜ전송을',NULL,'2025-02-19 13:06:28'),(306,36,3,'TEXT','홀',NULL,'2025-02-19 13:06:30'),(307,36,86,'TEXT','채팅하려구 매시지입력누르면 살짝 확대되자나',NULL,'2025-02-19 13:06:48'),(308,29,1,'TEXT','아아아아',NULL,'2025-02-19 13:07:10'),(309,36,3,'TEXT','허얼',NULL,'2025-02-19 13:07:33'),(310,36,3,'TEXT','안드로이드는 안그러고 아이폰만 그렇다는데',NULL,'2025-02-19 13:07:40'),(311,36,3,'TEXT','자기덕분에알았다~~ 대단해~~',NULL,'2025-02-19 13:07:45'),(312,14,25,'TEXT','아이폰 이슈',NULL,'2025-02-19 13:07:50'),(313,36,3,'TEXT','아이폰이슈래;;',NULL,'2025-02-19 13:07:51'),(314,36,3,'TEXT','갤럭시쓰라는데??',NULL,'2025-02-19 13:07:54'),(315,36,3,'TEXT','싸피잔아',NULL,'2025-02-19 13:08:00'),(316,36,86,'TEXT','엥 ㅋㅋㅋㅋㅋㅋ',NULL,'2025-02-19 13:08:05'),(317,36,3,'TEXT','영수증 등록',NULL,'2025-02-19 13:08:08'),(318,37,NULL,'SYSTEM','혜진님이 서선애님을 초대하였습니다.',NULL,'2025-02-19 13:08:12'),(319,36,3,'TEXT','홈화면에 삼단으로 되어잇는 버튼누ㅡ르면',NULL,'2025-02-19 13:08:13'),(320,36,3,'TEXT','식자재추가 버튼있어',NULL,'2025-02-19 13:08:15'),(321,37,47,'TEXT','안뇽',NULL,'2025-02-19 13:08:15'),(322,36,86,'TEXT','아이폰 유저들 버리면 성공못한다구 해줘',NULL,'2025-02-19 13:08:19'),(323,36,3,'TEXT','ㄷㄷ',NULL,'2025-02-19 13:08:25'),(324,36,3,'TEXT','싸피는 그런거 신겨앙ㄴ써 삼성이자나',NULL,'2025-02-19 13:08:30'),(325,36,3,'TEXT','빨리등록해봐~~!!',NULL,'2025-02-19 13:08:39'),(326,36,3,'TEXT','자기밥시간인가?',NULL,'2025-02-19 13:08:42'),(327,37,61,'TEXT','안녕',NULL,'2025-02-19 13:09:19'),(328,38,NULL,'SYSTEM','혜진님이 토마토러버전종우님을 초대하였습니다.',NULL,'2025-02-19 13:42:54'),(329,38,47,'TEXT','sdf',NULL,'2025-02-19 13:42:57'),(330,38,47,'TEXT','  \n\n\n\n\n\n\n\n\n\n\n\n\n\n\n\n\n\n\n\n\n\n\n\n\n\n\n\n\n\n\n\n\n\n\n\n\n\n\ndf',NULL,'2025-02-19 13:43:11'),(331,38,47,'TEXT','d\n\n\n\n\n\n\n\n\n\n\n\n\n\n\n\n\n\n\n\n\n\n\n\n\n\nd',NULL,'2025-02-19 13:43:24'),(332,2,19,'TEXT','ㅋㅋㅋ',NULL,'2025-02-19 13:43:30'),(333,2,19,'TEXT','ㅋ',NULL,'2025-02-19 13:43:30'),(334,2,19,'TEXT','ㅋㅋ',NULL,'2025-02-19 13:43:30'),(335,2,19,'TEXT','ㅋ',NULL,'2025-02-19 13:43:30'),(336,2,19,'TEXT','ㅋ',NULL,'2025-02-19 13:43:30'),(337,2,19,'TEXT','ㅋ',NULL,'2025-02-19 13:43:30'),(338,2,19,'TEXT','ㅋ',NULL,'2025-02-19 13:43:31'),(339,2,19,'TEXT','ㅋㅋㅋㅋㅋㅋㅋㅋㅋㅋㅋㅋㅋㅋㅋㅋㅋㅋㅋㅋㅋㅋㅋㅋㅋㅋㅋㅋㅋㅋㅋㅋㅋㅋㅋㅋㅋㅋㅋㅋㅋㅋㅋㅋㅋㅋㅋㅋ',NULL,'2025-02-19 13:43:45'),(340,14,19,'TEXT','\n\n\n\n\n\n\n\n\n\n\n\n\n\n\n\n\n\n\n\n\n\n\n\n\n\n\n\n\n\n\n\n\n\n\n\n\n\nㅋㅋㅋ',NULL,'2025-02-19 13:44:13'),(341,14,19,'TEXT','\n\n\n\n\n\n\n\n\n\n\n\n\n\nㅋ',NULL,'2025-02-19 13:45:19'),(342,39,NULL,'SYSTEM','혜진님이 고야앙님을 초대하였습니다.',NULL,'2025-02-19 13:53:35'),(343,39,47,'TEXT','메롱',NULL,'2025-02-19 13:53:38'),(344,39,62,'TEXT','에엑',NULL,'2025-02-19 13:54:15'),(345,39,62,'TEXT','냉장고에 시멘트를 넣을거에요!',NULL,'2025-02-19 13:54:22'),(346,39,47,'TEXT','머!!!!',NULL,'2025-02-19 13:54:34'),(347,39,47,'TEXT','냉장고 이리내!!!!',NULL,'2025-02-19 13:54:40'),(348,39,62,'TEXT','도망쳐!!!!!!! 내 소중한 시멘트냉장고!!!!',NULL,'2025-02-19 13:55:22'),(349,39,62,'TEXT','냉장고는 무거워서 도망치지 못했습니다.',NULL,'2025-02-19 13:55:32'),(350,39,47,'TEXT','훗...',NULL,'2025-02-19 13:59:25'),(351,39,47,'TEXT','이 냉장고는 이제 제겁니다',NULL,'2025-02-19 13:59:31'),(352,39,62,'TEXT','냉장고도 잃고 냉동실의 다이아도 잃었어요... 저에게 남은건 냉장고를 제외한 모든것뿐..',NULL,'2025-02-19 14:02:31'),(353,40,NULL,'SYSTEM','혜진님이 채팅방을 생성하였습니다.',NULL,'2025-02-19 14:02:49'),(354,39,47,'TEXT','뭐야 다 가졌잖냥',NULL,'2025-02-19 14:03:25'),(355,39,62,'TEXT','ㅋㅋㅋㅋㅋㅋㅋㅋ모든것을 가진냥',NULL,'2025-02-19 14:07:17'),(356,39,62,'TEXT','하지만 냉장고가 없냥..',NULL,'2025-02-19 14:07:26'),(357,38,15,'TEXT','머야',NULL,'2025-02-19 15:36:36'),(358,38,15,'TEXT','머고',NULL,'2025-02-19 15:36:38'),(359,2,15,'TEXT','머냐',NULL,'2025-02-19 15:36:53'),(360,2,15,'TEXT','화면 깜빢임 테스트',NULL,'2025-02-19 15:36:59'),(361,1,1,'TEXT','하이ㅜㄹㅇ',NULL,'2025-02-19 15:40:13'),(362,1,1,'TEXT','라라랄',NULL,'2025-02-19 15:40:17'),(363,1,1,'TEXT','로로로롤',NULL,'2025-02-19 15:40:18'),(364,1,19,'TEXT','먼데',NULL,'2025-02-19 15:58:43'),(365,1,19,'TEXT','취업특강 듣기 싫은사람 모여라 우하하',NULL,'2025-02-19 15:58:53'),(366,2,19,'TEXT','화면 깜빡임 테스트',NULL,'2025-02-19 15:59:11'),(367,14,19,'TEXT','zz',NULL,'2025-02-20 02:15:53'),(368,14,19,'FILE','','https://damulbucket.s3.ap-northeast-2.amazonaws.com/f1404db8-2283-475e-acf9-9565b2c026a1-receipt_image2.jpg','2025-02-20 02:27:22'),(369,14,19,'FILE','','https://damulbucket.s3.ap-northeast-2.amazonaws.com/7ef4455a-f73c-4fc5-aff1-5abdffbb648d-receipt_image2.jpg','2025-02-20 02:27:38'),(370,14,19,'FILE','','https://damulbucket.s3.ap-northeast-2.amazonaws.com/3a29949d-5dae-4a3f-afd1-c6254a12a3c5-receipt_image2.jpg','2025-02-20 02:28:42'),(371,14,19,'FILE','','https://damulbucket.s3.ap-northeast-2.amazonaws.com/493394db-e87c-48bd-940f-4bc92a79dcaf-receipt_image2.jpg','2025-02-20 02:41:55'),(372,14,19,'TEXT','zzz',NULL,'2025-02-20 02:42:05'),(373,14,19,'TEXT','fffff',NULL,'2025-02-20 02:42:16'),(374,14,19,'TEXT','fdff',NULL,'2025-02-20 02:42:24'),(375,40,NULL,'SYSTEM','마나오리님이 입장하셨습니다.',NULL,'2025-02-19 18:43:54'),(376,1,15,'TEXT','뭔데',NULL,'2025-02-19 19:02:11'),(377,1,15,'TEXT','여기는 약간 방명록 느낌이네요',NULL,'2025-02-19 19:02:28'),(378,41,NULL,'SYSTEM','토마토러버전종우님이 마나오리님을 초대하였습니다.',NULL,'2025-02-19 19:03:51'),(379,41,15,'TEXT','ㅎㅇㅋㅋ',NULL,'2025-02-19 19:03:53'),(380,40,NULL,'SYSTEM','서흐이님이 입장하셨습니다.',NULL,'2025-02-19 19:20:36'),(381,40,19,'TEXT','ㅋㅋㅋㅋㅋㅋㅋㅋ',NULL,'2025-02-19 19:20:42'),(382,40,NULL,'SYSTEM','토마토러버전종우님이 입장하셨습니다.',NULL,'2025-02-19 20:07:33'),(383,40,15,'TEXT','초콜릿 받으러 왔습니다',NULL,'2025-02-19 20:07:38'),(384,40,15,'TEXT','아 줘야되는건가요',NULL,'2025-02-19 20:07:43'),(385,40,19,'TEXT','그렇습니다',NULL,'2025-02-20 05:15:18'),(386,42,NULL,'SYSTEM','서흐이님이 나야나72님을 초대하였습니다.',NULL,'2025-02-19 22:34:01'),(387,1,3,'TEXT','ㅋㅋㅋㅋㅋㅋㅋㅋㅋㅋㅋㅋㅋ귀엽닼ㅋㅋ',NULL,'2025-02-19 22:35:06'),(388,36,3,'TEXT','왜 대답안해죠',NULL,'2025-02-19 22:37:46'),(389,36,86,'TEXT','대답',NULL,'2025-02-19 22:38:23'),(390,36,86,'TEXT','했져',NULL,'2025-02-19 22:38:24'),(391,23,20,'FILE','','https://damulbucket.s3.ap-northeast-2.amazonaws.com/0a14c89d-75d1-4521-bb31-cdbe457ddd7c-logo.png','2025-02-20 08:44:56'),(392,23,20,'FILE','','https://damulbucket.s3.ap-northeast-2.amazonaws.com/00b03549-7093-4188-ade1-4f3b412505fc-logo.png','2025-02-20 08:49:39'),(393,23,20,'FILE','','https://damulbucket.s3.ap-northeast-2.amazonaws.com/c7ee0112-d3e4-449f-ba4a-99e2f8aa5eca-test.jpg','2025-02-20 08:51:02'),(394,23,20,'FILE','','https://damulbucket.s3.ap-northeast-2.amazonaws.com/c7b822bd-1091-4928-b7d9-1666b38e8f26-image%20%286%29.png','2025-02-20 08:53:32'),(395,23,19,'FILE','','https://damulbucket.s3.ap-northeast-2.amazonaws.com/4ab6d09b-5af4-4e2b-9cc8-d89f979c66f6-rn_image_picker_lib_temp_a70c6db9-54e7-4b61-bb07-2b7a42ddc11f.jpg','2025-02-20 08:55:25'),(396,23,19,'TEXT','zzz',NULL,'2025-02-20 08:57:19'),(397,23,19,'TEXT','zzzzzz',NULL,'2025-02-20 08:57:31'),(398,23,19,'TEXT','zzz',NULL,'2025-02-20 08:58:19'),(399,23,19,'TEXT','엥',NULL,'2025-02-20 08:58:24'),(400,23,19,'TEXT','엥',NULL,'2025-02-20 08:58:32'),(401,23,19,'FILE','','https://damulbucket.s3.ap-northeast-2.amazonaws.com/f33637a4-4d09-44f8-81c3-a8aab70d99fe-image-20250219-090850.png','2025-02-20 08:58:40'),(402,23,19,'TEXT','ㅋㅋㅋ',NULL,'2025-02-20 08:59:07'),(403,23,19,'TEXT','ㅋㅋㅋㅋㅋㅋ',NULL,'2025-02-20 08:59:23'),(404,23,19,'TEXT','ㅋㅋㅋ',NULL,'2025-02-20 09:01:10'),(405,23,20,'TEXT','zz',NULL,'2025-02-20 09:01:47'),(406,23,20,'FILE','','https://damulbucket.s3.ap-northeast-2.amazonaws.com/90674a61-0b2f-447e-a25b-e1d9e627beab-25492_61012_0713.jpg','2025-02-20 09:02:05'),(407,23,19,'TEXT','ㅋㅋㅋ',NULL,'2025-02-20 09:06:31'),(408,23,19,'FILE','','https://damulbucket.s3.ap-northeast-2.amazonaws.com/6ff54bab-fddd-4e1e-9c50-5286f4dd83d7-image-20250219-090850.png','2025-02-20 09:06:39'),(409,23,20,'FILE','','https://damulbucket.s3.ap-northeast-2.amazonaws.com/dfbfe56b-d845-47bc-802f-589d75a690ca-logo.png','2025-02-20 09:06:55'),(410,23,19,'TEXT','ㅋㅋㅋ',NULL,'2025-02-20 09:23:03'),(411,23,19,'TEXT','ㅋㅋ',NULL,'2025-02-20 09:24:53'),(412,23,19,'TEXT','ㅋ',NULL,'2025-02-20 09:24:57'),(413,23,19,'TEXT','ㅋㅋㅋㅋㅋㅋㅋㅋ',NULL,'2025-02-20 09:25:01'),(414,23,19,'TEXT','ㅋㅋ',NULL,'2025-02-20 09:26:17'),(415,23,19,'FILE','','https://damulbucket.s3.ap-northeast-2.amazonaws.com/324c58ec-dcf9-41c5-82c1-dc5dd9a91177-image-20250219-090850.png','2025-02-20 09:26:25'),(416,23,19,'TEXT','\n\n\nㅇㅇ',NULL,'2025-02-20 09:26:40'),(417,23,19,'IMAGE','','https://damulbucket.s3.ap-northeast-2.amazonaws.com/ffd2f0ea-482f-4f81-9174-d58077abe004-logo.png','2025-02-20 10:01:08'),(418,43,NULL,'SYSTEM','서흐이님이 피자러버신성우님을 초대하였습니다.',NULL,'2025-02-20 10:04:08'),(419,43,19,'TEXT','1',NULL,'2025-02-20 10:04:10'),(420,43,19,'TEXT','2',NULL,'2025-02-20 10:04:11'),(421,43,19,'TEXT','3',NULL,'2025-02-20 10:04:11'),(422,43,19,'TEXT','4',NULL,'2025-02-20 10:04:11'),(423,43,19,'TEXT','5',NULL,'2025-02-20 10:04:12'),(424,43,19,'TEXT','6',NULL,'2025-02-20 10:04:12'),(425,43,19,'TEXT','7',NULL,'2025-02-20 10:04:19'),(426,43,19,'TEXT','8',NULL,'2025-02-20 10:04:20'),(427,43,19,'TEXT','9',NULL,'2025-02-20 10:04:20'),(428,43,19,'TEXT','0',NULL,'2025-02-20 10:04:20'),(429,43,19,'TEXT','되나',NULL,'2025-02-20 10:24:37'),(430,43,19,'TEXT','괴나',NULL,'2025-02-20 10:24:46'),(431,43,19,'TEXT','되나',NULL,'2025-02-20 10:25:35'),(432,43,19,'TEXT','으앙',NULL,'2025-02-20 10:25:37'),(433,43,19,'TEXT','ㅋㅋ',NULL,'2025-02-20 10:30:37'),(434,43,19,'TEXT','ㅋㅋ',NULL,'2025-02-20 10:34:42'),(435,43,19,'TEXT','dpd',NULL,'2025-02-20 10:34:45'),(436,43,19,'TEXT','dpd',NULL,'2025-02-20 10:34:52'),(437,43,19,'TEXT','zzz',NULL,'2025-02-20 10:35:04'),(438,43,19,'IMAGE','','https://damulbucket.s3.ap-northeast-2.amazonaws.com/bcd43e09-e1dd-4802-ab09-f262adef31f7-image-20250219-090850.png','2025-02-20 10:35:11'),(439,23,20,'TEXT','ㅋㅋㅋㅋ',NULL,'2025-02-20 10:36:48'),(440,23,19,'IMAGE','','https://damulbucket.s3.ap-northeast-2.amazonaws.com/e0b23379-73e5-4404-a8d7-6c5bebb98410-25492_61012_0713.jpg','2025-02-20 10:37:00'),(441,23,19,'TEXT','ㅋㅋㅋㅋㅋ',NULL,'2025-02-20 12:38:32'),(442,23,19,'TEXT','ㅋㅋ',NULL,'2025-02-20 12:38:48'),(443,23,19,'TEXT','ㅋㅋ',NULL,'2025-02-20 12:39:01'),(444,23,19,'TEXT','ㄹ',NULL,'2025-02-20 12:43:25'),(445,23,19,'TEXT','ㅋㅋ',NULL,'2025-02-20 12:43:48'),(446,23,19,'TEXT','ㅋㅋㅋ',NULL,'2025-02-20 12:47:30'),(447,23,19,'TEXT','ㅋㅋ',NULL,'2025-02-20 12:48:30'),(448,23,19,'TEXT','ㅋㅋ',NULL,'2025-02-20 12:50:49'),(449,23,19,'TEXT','ㅗ',NULL,'2025-02-20 12:56:09'),(450,44,NULL,'SYSTEM','서흐이님이 채팅방을 생성하였습니다.',NULL,'2025-02-20 10:38:18'),(451,45,NULL,'SYSTEM','망고러버오정하님이 서흐이님을 초대하였습니다.',NULL,'2025-02-20 10:49:48'),(452,45,38,'TEXT','안냐세여?',NULL,'2025-02-20 10:49:53'),(453,45,38,'TEXT','점심 머드새여?',NULL,'2025-02-20 10:50:01'),(454,36,3,'TEXT','우히히',NULL,'2025-02-20 10:53:59'),(455,45,19,'TEXT','ㅋㅋㅋㅋㅋㅋㅋㅋㅋㅋㅋ오늘 쌀국수 나오네용^-^',NULL,'2025-02-20 10:58:38'),(456,44,NULL,'SYSTEM','다믈랭님이 입장하셨습니다.',NULL,'2025-02-20 11:10:14'),(457,44,85,'TEXT','안녕하세요! 만두 받고싶어서 연락드려요!',NULL,'2025-02-20 11:10:34'),(458,44,19,'TEXT','안녕하세요!! 용산역에서 받기 가능하실까요?',NULL,'2025-02-20 11:13:06'),(459,23,19,'TEXT','zz',NULL,'2025-02-20 22:26:51'),(460,23,19,'TEXT','zz',NULL,'2025-02-20 22:29:50'),(461,23,19,'TEXT','zz',NULL,'2025-02-20 22:31:47'),(462,23,19,'TEXT','zzzz',NULL,'2025-02-20 22:33:36'),(463,23,19,'TEXT','zz',NULL,'2025-02-20 22:35:16'),(464,23,19,'TEXT','zzzz',NULL,'2025-02-20 22:35:30'),(465,23,19,'TEXT','zzz',NULL,'2025-02-20 22:35:32'),(466,23,19,'TEXT','ㅋㅋㅋ',NULL,'2025-02-20 22:40:46'),(467,23,19,'TEXT','ㅋㅋㅋㅋ',NULL,'2025-02-20 22:41:22'),(468,23,19,'TEXT','ㅋㅋㅋ',NULL,'2025-02-20 22:41:34'),(469,23,19,'TEXT','ㅋㅋㅋ',NULL,'2025-02-20 22:43:17'),(470,23,19,'TEXT','ㅋㅋ',NULL,'2025-02-20 22:46:24'),(471,23,19,'TEXT','ㅋㅋ',NULL,'2025-02-20 22:47:08'),(472,23,19,'TEXT','ㅋㅋ',NULL,'2025-02-20 22:47:27'),(473,23,19,'TEXT','ㅋㅋ',NULL,'2025-02-20 22:48:32'),(474,23,19,'TEXT','ㅋㅋ',NULL,'2025-02-20 22:48:45'),(475,23,19,'TEXT','ㅋㅋ',NULL,'2025-02-20 22:48:49'),(476,23,19,'TEXT','ㅋㅋㅋㅋㅋ',NULL,'2025-02-20 22:48:53'),(477,23,19,'TEXT','ㅋㅋㅋㅋㅋ',NULL,'2025-02-20 22:49:04'),(478,23,19,'TEXT','ㅋㅋ',NULL,'2025-02-20 22:52:46'),(479,23,19,'TEXT','ㅋㅋㅋ',NULL,'2025-02-20 22:53:02'),(480,23,19,'TEXT','ㅋㅋㅋ',NULL,'2025-02-20 22:53:43'),(481,23,19,'TEXT','ㅋ',NULL,'2025-02-20 22:54:49'),(482,23,19,'TEXT','ㅋ',NULL,'2025-02-20 22:54:49'),(483,23,19,'TEXT','ㅋ',NULL,'2025-02-20 22:54:50'),(484,23,19,'TEXT','ㅋ',NULL,'2025-02-20 22:54:50'),(485,23,19,'TEXT','ㅋ',NULL,'2025-02-20 22:54:50'),(486,23,19,'TEXT','ㅋ',NULL,'2025-02-20 22:54:51'),(487,23,19,'TEXT','ㅋㄴㅇㄴ',NULL,'2025-02-20 22:55:58'),(488,23,19,'TEXT','ㄹㄴㄹㄴ',NULL,'2025-02-20 22:56:01'),(489,23,19,'TEXT','ㅁㄴㅁ',NULL,'2025-02-20 22:56:15'),(490,23,19,'TEXT','ㅋㅋㅋ',NULL,'2025-02-20 23:00:36'),(491,23,19,'TEXT','ㅋㅋㅋ',NULL,'2025-02-20 23:00:44'),(492,23,19,'TEXT','ㅋㅋ',NULL,'2025-02-20 23:02:54'),(493,23,19,'TEXT','ㅋㅋㅋ',NULL,'2025-02-20 23:03:00'),(494,23,19,'TEXT','ㅇㄹㅇㅀㅀ',NULL,'2025-02-20 23:03:09'),(495,23,19,'TEXT','ㄴㅌㅇㅇㄹㄴㅇㅇ',NULL,'2025-02-20 23:03:14'),(496,14,25,'TEXT','ㅁㄴㅇㄹ',NULL,'2025-02-20 14:20:25'),(497,23,19,'TEXT','ㅋㅋㅋ',NULL,'2025-02-20 23:20:55'),(498,23,19,'TEXT','ㅋㅋㅋㅋㅋ',NULL,'2025-02-20 23:21:16'),(499,23,20,'TEXT','zzzz',NULL,'2025-02-20 23:21:32'),(500,23,20,'TEXT','zzz',NULL,'2025-02-20 23:39:10'),(501,23,19,'TEXT','zzzz',NULL,'2025-02-20 23:39:46'),(502,23,19,'TEXT','zzzzz',NULL,'2025-02-20 23:44:15'),(503,13,20,'TEXT','1',NULL,'2025-02-20 23:46:22'),(504,13,20,'TEXT','2',NULL,'2025-02-20 23:46:23'),(505,13,20,'TEXT','3',NULL,'2025-02-20 23:46:23'),(506,13,20,'TEXT','4',NULL,'2025-02-20 23:46:24'),(507,13,20,'TEXT','5',NULL,'2025-02-20 23:46:24'),(508,13,20,'TEXT','6',NULL,'2025-02-20 23:46:24'),(509,13,20,'TEXT','7',NULL,'2025-02-20 23:46:24'),(510,13,20,'TEXT','8',NULL,'2025-02-20 23:46:25'),(511,13,20,'TEXT','9',NULL,'2025-02-20 23:46:25'),(512,13,20,'TEXT','10',NULL,'2025-02-20 23:46:26'),(513,13,20,'TEXT','11',NULL,'2025-02-20 23:46:40'),(514,13,20,'TEXT','12',NULL,'2025-02-20 23:46:41'),(515,13,20,'TEXT','13',NULL,'2025-02-20 23:46:43'),(516,13,20,'TEXT','14',NULL,'2025-02-20 23:46:44'),(517,13,20,'TEXT','15',NULL,'2025-02-20 23:46:44'),(518,44,85,'TEXT','네! 좋아요~~',NULL,'2025-02-20 15:23:55'),(519,23,19,'TEXT','zzzzzzzz',NULL,'2025-02-21 00:56:43'),(520,23,19,'TEXT','zzzz',NULL,'2025-02-21 00:56:54'),(521,23,19,'TEXT','zzz',NULL,'2025-02-21 00:57:02'),(522,23,20,'TEXT','ㅋㅋㅋㅋ',NULL,'2025-02-21 00:57:09'),(523,23,19,'TEXT','fdfsdfdsfds',NULL,'2025-02-21 00:58:02'),(524,23,19,'TEXT','zzzzzz',NULL,'2025-02-21 00:58:28'),(525,23,20,'TEXT','ㅋㅋㅋ',NULL,'2025-02-21 01:01:14'),(526,23,20,'TEXT','ㅋㅋㅋ',NULL,'2025-02-21 01:01:16'),(527,23,20,'TEXT','ㅋㅋㅋ',NULL,'2025-02-21 01:01:21'),(528,23,20,'TEXT','anjwl',NULL,'2025-02-21 01:01:25'),(529,23,20,'TEXT','뭐지',NULL,'2025-02-21 01:01:29'),(530,23,20,'TEXT','뭐지',NULL,'2025-02-21 01:01:41'),(531,13,20,'TEXT','ㅋㅋㅋ',NULL,'2025-02-21 01:02:44'),(532,23,20,'IMAGE','','https://damulbucket.s3.ap-northeast-2.amazonaws.com/3868fa21-fd22-4789-be44-bb715c4315c9-logo.png','2025-02-21 01:15:24'),(533,23,20,'TEXT','ㅋㅋ',NULL,'2025-02-21 01:15:31'),(534,23,20,'TEXT','ㅋㅋㅋ',NULL,'2025-02-21 01:15:39'),(535,23,20,'IMAGE','','https://damulbucket.s3.ap-northeast-2.amazonaws.com/5514be6d-fb71-4f49-8027-953b6a585e7d-logo.png','2025-02-21 01:15:48'),(536,23,20,'IMAGE','','https://damulbucket.s3.ap-northeast-2.amazonaws.com/8d6767b3-7801-4122-bf50-4c59810557fe-image-20250219-090850.png','2025-02-21 01:16:08'),(537,23,19,'TEXT','zzz',NULL,'2025-02-21 01:16:32'),(538,23,19,'TEXT','zzzz',NULL,'2025-02-21 01:17:39'),(539,23,19,'TEXT','zzzz',NULL,'2025-02-21 01:17:44'),(540,23,19,'TEXT','zzzzzzzxzx',NULL,'2025-02-21 01:17:49'),(541,23,19,'IMAGE','','https://damulbucket.s3.ap-northeast-2.amazonaws.com/f7df9f55-aa1e-4195-bf47-730d3ea25bd1-image-20250219-090850.png','2025-02-21 02:06:30'),(542,23,20,'TEXT','dkssud',NULL,'2025-02-21 02:47:19'),(543,23,20,'TEXT','안녕',NULL,'2025-02-21 02:47:20'),(544,23,20,'TEXT','ㅋㅋㅋ',NULL,'2025-02-21 02:47:28'),(545,1,20,'TEXT','ㅋㅋㅋ',NULL,'2025-02-21 02:49:26'),(546,1,20,'TEXT','ㅋㅋㅋ',NULL,'2025-02-21 02:49:33'),(547,1,20,'TEXT','안녕',NULL,'2025-02-21 02:49:39'),(548,1,20,'TEXT','안녕이야',NULL,'2025-02-21 02:50:10'),(549,1,25,'IMAGE','','https://damulbucket.s3.ap-northeast-2.amazonaws.com/796be223-29b6-4136-849f-3d09a4fbcb65-%EB%8F%84%EC%BB%A4%20%EC%9A%A9%EB%9F%89.png','2025-02-20 18:00:25'),(550,1,19,'TEXT','ㅋㅋㅋ',NULL,'2025-02-21 03:04:11'),(551,1,20,'TEXT','ㅋㅋㅋ',NULL,'2025-02-21 03:05:27'),(552,1,25,'IMAGE','','https://damulbucket.s3.ap-northeast-2.amazonaws.com/51d3526a-0655-4add-9391-871fca90b498-%EB%8F%84%EC%BB%A4%20%EC%9A%A9%EB%9F%89.png','2025-02-20 18:17:45'),(553,1,25,'TEXT','aptpwl',NULL,'2025-02-20 18:17:58'),(554,1,25,'TEXT','message',NULL,'2025-02-20 18:18:17'),(555,23,20,'TEXT','안녕',NULL,'2025-02-21 03:19:35'),(556,23,20,'TEXT','안녕',NULL,'2025-02-21 03:19:56'),(557,23,20,'IMAGE','','https://damulbucket.s3.ap-northeast-2.amazonaws.com/a2a53b10-6ad7-4b43-931c-85ad54d46b92-image-20250219-090850.png','2025-02-21 03:20:04'),(558,1,19,'TEXT','ㅋㅋㅋ',NULL,'2025-02-21 03:31:31'),(559,23,20,'TEXT','ㅋㅋㅋㅋ',NULL,'2025-02-21 03:32:01'),(560,23,20,'IMAGE','','https://damulbucket.s3.ap-northeast-2.amazonaws.com/cc6c5df4-7e10-480b-bea3-0e0ee6ad10dd-receipt_image2.jpg','2025-02-21 03:32:40'),(561,23,20,'TEXT','ㅋㅋ',NULL,'2025-02-21 03:33:16'),(562,23,20,'IMAGE','','https://damulbucket.s3.ap-northeast-2.amazonaws.com/a75b02ae-e2c5-4625-a5a0-035be17920d9-25492_61012_0713.jpg','2025-02-21 03:33:22'),(563,23,20,'IMAGE','','https://damulbucket.s3.ap-northeast-2.amazonaws.com/998ba8af-d0ef-420e-a5b5-621d36112d77-25492_61012_0713.jpg','2025-02-21 03:36:51'),(564,23,20,'IMAGE','','https://damulbucket.s3.ap-northeast-2.amazonaws.com/fa60b798-b6e1-4b6a-a791-c7f148d7c359-25492_61012_0713.jpg','2025-02-21 03:37:32'),(565,23,20,'IMAGE','','https://damulbucket.s3.ap-northeast-2.amazonaws.com/745e552a-6444-4bec-972d-9a9af47c93fc-25492_61012_0713.jpg','2025-02-21 03:37:50'),(566,23,20,'IMAGE','사진을 보냈습니다.','https://damulbucket.s3.ap-northeast-2.amazonaws.com/87799445-fadf-4395-b829-7f2a998daee4-25492_61012_0713.jpg','2025-02-21 03:39:09'),(567,44,NULL,'SYSTEM','김비쵸비러버한재서님이 입장하셨습니다.',NULL,'2025-02-20 20:55:54'),(568,1,1,'TEXT','사진은 오는데',NULL,'2025-02-21 00:27:58'),(569,1,1,'TEXT','안보여요',NULL,'2025-02-21 00:27:59'),(570,46,NULL,'SYSTEM','매너온도삼천도님이 채팅방을 생성하였습니다.',NULL,'2025-02-21 00:32:48'),(571,47,NULL,'SYSTEM','김비쵸비러버한재서님이 채팅방을 생성하였습니다.',NULL,'2025-02-21 01:39:00'),(572,47,NULL,'SYSTEM','토마토러버전종우님이 입장하셨습니다.',NULL,'2025-02-21 03:48:48'),(573,30,NULL,'SYSTEM','서흐이님이 입장하셨습니다.',NULL,'2025-02-21 03:51:49'),(574,1,25,'IMAGE','사진을 보냈습니다.','https://damulbucket.s3.ap-northeast-2.amazonaws.com/27a90c22-056b-4413-81b1-4de9cd604065-spring-data-logo.png','2025-02-21 04:06:37'),(578,47,15,'TEXT','안녕하세요!!',NULL,'2025-02-21 04:08:19'),(579,47,25,'TEXT','네 안녕하세요~',NULL,'2025-02-21 04:08:21'),(580,14,25,'IMAGE','사진을 보냈습니다.','https://damulbucket.s3.ap-northeast-2.amazonaws.com/7f271f06-2316-4581-b7ca-b9a4e0ca8c11-spring-data-logo.png','2025-02-21 04:34:39'),(581,14,19,'IMAGE','사진을 보냈습니다.','https://damulbucket.s3.ap-northeast-2.amazonaws.com/fce0bbbd-5a21-4334-906c-ac46ffabf670-receipt_image2-i1nwd8myqjyufxdp7baa4agyco.jpg','2025-02-21 04:35:22'),(582,14,19,'TEXT','안녕하세요',NULL,'2025-02-21 04:36:05'),(583,1,1,'TEXT','하이요',NULL,'2025-02-21 04:36:15'),(584,1,19,'TEXT','안녕',NULL,'2025-02-21 04:36:26'),(585,1,1,'TEXT','케케멀봐',NULL,'2025-02-21 04:36:57'),(586,1,1,'TEXT','방송출연이다',NULL,'2025-02-21 04:37:06'),(587,48,NULL,'SYSTEM','오늘은내가요리사님이 토마토러버전종우님을 초대하였습니다.',NULL,'2025-02-21 04:39:40'),(588,48,1,'TEXT','님아',NULL,'2025-02-21 04:39:44'),(589,49,NULL,'SYSTEM','오늘은내가요리사님이 윤서희님을 초대하였습니다.',NULL,'2025-02-21 04:39:50'),(590,49,1,'TEXT','하이요',NULL,'2025-02-21 04:39:53'),(591,50,NULL,'SYSTEM','혜진님이 서쪽하늘님을 초대하였습니다.',NULL,'2025-02-21 04:43:03'),(592,50,47,'TEXT','남쪽하늘은 어디갔나요?',NULL,'2025-02-21 04:43:14'),(593,50,96,'TEXT','북쪽으로 갔습니다',NULL,'2025-02-21 04:43:32'),(594,50,47,'TEXT','그래서 한파가 왔구나',NULL,'2025-02-21 04:44:06'),(595,51,NULL,'SYSTEM','서쪽하늘님이 김비쵸비러버한재서님을 초대하였습니다.',NULL,'2025-02-21 04:44:35'),(596,51,96,'TEXT','ㅎㅇㅋㅋ',NULL,'2025-02-21 04:44:37'),(597,51,96,'IMAGE','사진을 보냈습니다.','https://damulbucket.s3.ap-northeast-2.amazonaws.com/fc0fe7b2-41a8-40a9-919c-19136889ccd2-%EC%96%91%2C%20%EB%8A%91%EB%8C%80%20%EC%9D%B4%EB%AA%A8%ED%8B%B0%EC%BD%98.png','2025-02-21 04:44:48'),(598,51,25,'TEXT','ㅋㅋ',NULL,'2025-02-21 04:44:52'),(599,51,96,'IMAGE','사진을 보냈습니다.','https://damulbucket.s3.ap-northeast-2.amazonaws.com/74083e0d-1188-4f8d-ae38-a081bf7f1f3d-%ED%94%84%EB%A0%88%EC%A0%A0%ED%85%8C%EC%9D%B4%EC%85%981.gif','2025-02-21 04:44:58'),(600,51,96,'TEXT','졸려',NULL,'2025-02-21 04:45:08'),(601,51,25,'TEXT','다믈랭 많이 이용해주세요!',NULL,'2025-02-21 04:45:10'),(602,51,25,'TEXT','나도',NULL,'2025-02-21 04:45:12'),(603,51,96,'TEXT','i wanna go to bed',NULL,'2025-02-21 04:45:16'),(604,51,96,'TEXT','plz',NULL,'2025-02-21 04:45:19'),(605,51,96,'TEXT','im gonna die',NULL,'2025-02-21 04:45:26'),(606,51,25,'TEXT','the world is turning around',NULL,'2025-02-21 04:45:34'),(607,51,96,'TEXT','soooooo fast',NULL,'2025-02-21 04:45:46'),(608,51,25,'TEXT','lolol',NULL,'2025-02-21 04:45:51'),(609,47,NULL,'SYSTEM','피자러버신성우님이 입장하셨습니다.',NULL,'2025-02-21 07:02:33'),(610,47,16,'TEXT','안녕하세요. 공구 글 보고 들어왔습니다. 언제 가능하실까요?',NULL,'2025-02-21 07:02:57'),(611,40,NULL,'SYSTEM','피자러버신성우님이 입장하셨습니다.',NULL,'2025-02-21 07:16:04'),(612,44,NULL,'SYSTEM','피자러버신성우님이 입장하셨습니다.',NULL,'2025-02-21 07:16:32'),(613,44,16,'TEXT','신림역도 가능한가요?',NULL,'2025-02-21 07:16:43'),(614,52,NULL,'SYSTEM','피자러버신성우님이 토마토러버전종우님을 초대하였습니다.',NULL,'2025-02-21 07:17:59'),(615,52,16,'TEXT','안녕하세요. 함정살이 소비기한이 지났어요. 냉동실 확인해보세요^^',NULL,'2025-02-21 07:18:19'),(616,49,20,'TEXT','ㅋㅋㅋㅋ',NULL,'2025-02-21 08:52:46'),(617,2,19,'TEXT','안녕하세요!',NULL,'2025-02-21 09:19:13'),(618,2,15,'TEXT','안녕하세요!',NULL,'2025-02-21 09:19:45'),(619,2,19,'TEXT','토마토 러버신데 곡물을 가장 선호하시는군요!!',NULL,'2025-02-21 09:19:58'),(620,2,15,'TEXT','네 그렇습니다만',NULL,'2025-02-21 09:20:25'),(621,2,19,'IMAGE','사진을 보냈습니다.','https://damulbucket.s3.ap-northeast-2.amazonaws.com/56f53c16-ab2b-4ad7-8e1d-c523e515ca0c-25492_61012_0713.jpg','2025-02-21 09:20:31'),(622,2,19,'TEXT','ㅋㅋㅋㅋ 장난이고',NULL,'2025-02-21 09:20:32'),(623,2,19,'TEXT','나 당근 삼',NULL,'2025-02-21 09:20:35'),(624,2,15,'TEXT','?',NULL,'2025-02-21 09:20:40'),(625,2,15,'TEXT','가온나',NULL,'2025-02-21 09:20:44'),(626,47,NULL,'SYSTEM','서흐이님이 입장하셨습니다.',NULL,'2025-02-21 09:49:38'),(627,47,19,'TEXT','안녕하세요~',NULL,'2025-02-21 09:49:48'),(628,2,19,'TEXT','냉장고 정리 좀 해라',NULL,'2025-02-21 09:52:04'),(629,2,15,'TEXT','ㅇㅋ',NULL,'2025-02-21 09:52:07'),(630,2,15,'TEXT','곧 함',NULL,'2025-02-21 09:52:08'),(631,47,NULL,'SYSTEM','빵유림님이 입장하셨습니다.',NULL,'2025-02-21 10:48:54');
/*!40000 ALTER TABLE `chat_messages` ENABLE KEYS */;
UNLOCK TABLES;

--
-- Table structure for table `badge`
--

DROP TABLE IF EXISTS `badge`;
/*!40101 SET @saved_cs_client     = @@character_set_client */;
/*!50503 SET character_set_client = utf8mb4 */;
CREATE TABLE `badge` (
  `id` int(11) NOT NULL AUTO_INCREMENT,
  `title` varchar(100) COLLATE utf8mb4_bin NOT NULL,
  `standard` smallint(6) NOT NULL,
  `description` varchar(255) COLLATE utf8mb4_bin NOT NULL,
  `catch_phrase` varchar(255) COLLATE utf8mb4_bin DEFAULT NULL,
  `level` tinyint(4) NOT NULL,
  PRIMARY KEY (`id`)
) ENGINE=InnoDB AUTO_INCREMENT=71 DEFAULT CHARSET=utf8mb4 COLLATE=utf8mb4_bin;
/*!40101 SET character_set_client = @saved_cs_client */;

--
-- Dumping data for table `badge`
--

LOCK TABLES `badge` WRITE;
/*!40000 ALTER TABLE `badge` DISABLE KEYS */;
INSERT INTO `badge` VALUES (1,'다믈랭과의 인연',1,'가입일로 부터 1일 경과','내 인생은 다믈랭을 만나기 전과 후로 나뉜다',1),(2,'다믈랭과의 인연',10,'가입일로 부터 10일 경과','내 인생은 다믈랭을 만나기 전과 후로 나뉜다',2),(3,'다믈랭과의 인연',50,'가입일로 부터 50일 경과','내 인생은 다믈랭을 만나기 전과 후로 나뉜다',3),(4,'다믈랭과의 인연',100,'가입일로 부터 100일 경과','내 인생은 다믈랭을 만나기 전과 후로 나뉜다',4),(5,'다믈랭과의 인연',500,'가입일로 부터 500일 경과','내 인생은 다믈랭을 만나기 전과 후로 나뉜다',5),(6,'넌 부화할 수 없다',1,'달걀류 식자재 1회 이상 등록','단지 껍질 까는 시간조차 아까웠을 뿐이다',1),(7,'넌 부화할 수 없다',10,'달걀류 식자재 10회 이상 등록','단지 껍질 까는 시간조차 아까웠을 뿐이다',2),(8,'넌 부화할 수 없다',50,'달걀류 식자재 50회 이상 등록','단지 껍질 까는 시간조차 아까웠을 뿐이다',3),(9,'넌 부화할 수 없다',100,'달걀류 식자재 100회 이상 등록','단지 껍질 까는 시간조차 아까웠을 뿐이다',4),(10,'넌 부화할 수 없다',500,'달걀류 식자재 500회 이상 등록','단지 껍질 까는 시간조차 아까웠을 뿐이다',5),(11,'목표키 2m',1,'유제품 식자재 1회 이상 등록','그래서 성장판 오픈일이 언제라구요?',1),(12,'목표키 2m',10,'유제품 식자재 10회 이상 등록','그래서 성장판 오픈일이 언제라구요?',2),(13,'목표키 2m',50,'유제품 식자재 50회 이상 등록','그래서 성장판 오픈일이 언제라구요?',3),(14,'목표키 2m',100,'유제품 식자재 100회 이상 등록','그래서 성장판 오픈일이 언제라구요?',4),(15,'목표키 2m',500,'유제품 식자재 500회 이상 등록','그래서 성장판 오픈일이 언제라구요?',5),(16,'과즙팡팡',1,'과일 식자재 1회 이상 등록','나의 혈당은 내가 마신 과즙을 수치화 한 것',1),(17,'과즙팡팡',10,'과일 식자재 10회 이상 등록','나의 혈당은 내가 마신 과즙을 수치화 한 것',2),(18,'과즙팡팡',50,'과일 식자재 50회 이상 등록','나의 혈당은 내가 마신 과즙을 수치화 한 것',3),(19,'과즙팡팡',100,'과일 식자재 100회 이상 등록','나의 혈당은 내가 마신 과즙을 수치화 한 것',4),(20,'과즙팡팡',500,'과일 식자재 500회 이상 등록','나의 혈당은 내가 마신 과즙을 수치화 한 것',5),(21,'육식 공룡',1,'육류 식자재 1회 이상 등록','육식 공룡은 커다란 머리, 강한 턱, 날카로운 이빨을 주로 사용하였습니다',1),(22,'육식 공룡',10,'육류 식자재 10회 이상 등록','육식 공룡은 커다란 머리, 강한 턱, 날카로운 이빨을 주로 사용하였습니다',2),(23,'육식 공룡',50,'육류 식자재 50회 이상 등록','육식 공룡은 커다란 머리, 강한 턱, 날카로운 이빨을 주로 사용하였습니다',3),(24,'육식 공룡',100,'육류 식자재 100회 이상 등록','육식 공룡은 커다란 머리, 강한 턱, 날카로운 이빨을 주로 사용하였습니다',4),(25,'육식 공룡',500,'육류 식자재 500회 이상 등록','육식 공룡은 커다란 머리, 강한 턱, 날카로운 이빨을 주로 사용하였습니다',5),(26,'나는 자연인이다',1,'채소 식자재 1회 이상 등록','자연의 위대함을 느껴봐',1),(27,'나는 자연인이다',10,'채소 식자재 10회 이상 등록','자연의 위대함을 느껴봐',2),(28,'나는 자연인이다',50,'채소 식자재 50회 이상 등록','자연의 위대함을 느껴봐',3),(29,'나는 자연인이다',100,'채소 식자재 100회 이상 등록','자연의 위대함을 느껴봐',4),(30,'나는 자연인이다',500,'채소 식자재 500회 이상 등록','자연의 위대함을 느껴봐',5),(31,'포세이돈',1,'수산물 식자재 1회 이상 등록','Under the sea, under the sea~',1),(32,'포세이돈',10,'수산물 식자재 10회 이상 등록','Under the sea, under the sea~',2),(33,'포세이돈',50,'수산물 식자재 50회 이상 등록','Under the sea, under the sea~',3),(34,'포세이돈',100,'수산물 식자재 100회 이상 등록','Under the sea, under the sea~',4),(35,'포세이돈',500,'수산물 식자재 500회 이상 등록','Under the sea, under the sea~',5),(36,'간장공장공장장',1,'양념류 식자재 1회 이상 등록','간장공장공장장이 간ㅈ...뭐라구요??',1),(37,'간장공장공장장',10,'양념류 식자재 10회 이상 등록','간장공장공장장이 간ㅈ...뭐라구요??',2),(38,'간장공장공장장',50,'양념류 식자재 50회 이상 등록','간장공장공장장이 간ㅈ...뭐라구요??',3),(39,'간장공장공장장',100,'양념류 식자재 100회 이상 등록','간장공장공장장이 간ㅈ...뭐라구요??',4),(40,'간장공장공장장',500,'양념류 식자재 500회 이상 등록','간장공장공장장이 간ㅈ...뭐라구요??',5),(41,'미끄러짐 주의',1,'기름 식자재 1회 이상 등록','물과 기름은 섞이지 않는다',1),(42,'미끄러짐 주의',10,'기름 식자재 10회 이상 등록','물과 기름은 섞이지 않는다',2),(43,'미끄러짐 주의',50,'기름 식자재 50회 이상 등록','물과 기름은 섞이지 않는다',3),(44,'미끄러짐 주의',100,'기름 식자재 100회 이상 등록','물과 기름은 섞이지 않는다',4),(45,'미끄러짐 주의',500,'기름 식자재 500회 이상 등록','물과 기름은 섞이지 않는다',5),(46,'농부의 피땀을 아는 자',1,'곡류 식자재 1회 이상 등록','밥그릇에 밥알 하나 남기지 않는다',1),(47,'농부의 피땀을 아는 자',10,'곡류 식자재 10회 이상 등록','밥그릇에 밥알 하나 남기지 않는다',2),(48,'농부의 피땀을 아는 자',50,'곡류 식자재 50회 이상 등록','밥그릇에 밥알 하나 남기지 않는다',3),(49,'농부의 피땀을 아는 자',100,'곡류 식자재 100회 이상 등록','밥그릇에 밥알 하나 남기지 않는다',4),(50,'농부의 피땀을 아는 자',500,'곡류 식자재 500회 이상 등록','밥그릇에 밥알 하나 남기지 않는다',5),(51,'줏대없는 자취생',1,'기타 식자재 1회 이상 등록','그치만 가공품이 편한걸요...',1),(52,'줏대없는 자취생',10,'기타 식자재 10회 이상 등록','그치만 가공품이 편한걸요...',2),(53,'줏대없는 자취생',50,'기타 식자재 50회 이상 등록','그치만 가공품이 편한걸요...',3),(54,'줏대없는 자취생',100,'기타 식자재 100회 이상 등록','그치만 가공품이 편한걸요...',4),(55,'줏대없는 자취생',500,'기타 식자재 500회 이상 등록','그치만 가공품이 편한걸요...',5),(56,'Divider',1,'나눔 게시글 1회 이상 작성','나눔은 여유가 있어야만 할 수 있는게 아니야',1),(57,'Divider',10,'나눔 게시글 10회 이상 작성','나눔은 여유가 있어야만 할 수 있는게 아니야',2),(58,'Divider',50,'나눔 게시글 50회 이상 작성','나눔은 여유가 있어야만 할 수 있는게 아니야',3),(59,'Divider',100,'나눔 게시글 100회 이상 작성','나눔은 여유가 있어야만 할 수 있는게 아니야',4),(60,'Divider',500,'나눔 게시글 500회 이상 작성','나눔은 여유가 있어야만 할 수 있는게 아니야',5),(61,'레시퍼',1,'레시피 게시글 1회 이상 작성','요리...뭐 별거 있나요 내가 하면 그게 요리지',1),(62,'레시퍼',10,'레시피 게시글 10회 이상 작성','요리...뭐 별거 있나요 내가 하면 그게 요리지',2),(63,'레시퍼',50,'레시피 게시글 50회 이상 작성','요리...뭐 별거 있나요 내가 하면 그게 요리지',3),(64,'레시퍼',100,'레시피 게시글 100회 이상 작성','요리...뭐 별거 있나요 내가 하면 그게 요리지',4),(65,'레시퍼',500,'레시피 게시글 500회 이상 작성','요리...뭐 별거 있나요 내가 하면 그게 요리지',5),(66,'인싸의 길',1,'팔로워 1명 이상 달성','나를 따르라...!',1),(67,'인싸의 길',10,'팔로워 10명 이상 달성','나를 따르라...!',2),(68,'인싸의 길',50,'팔로워 50명 이상 달성','나를 따르라...!',3),(69,'인싸의 길',100,'팔로워 100명 이상 달성','나를 따르라...!',4),(70,'인싸의 길',500,'팔로워 500명 이상 달성','나를 따르라...!',5);
/*!40000 ALTER TABLE `badge` ENABLE KEYS */;
UNLOCK TABLES;

--
-- Table structure for table `chat_rooms`
--

DROP TABLE IF EXISTS `chat_rooms`;
/*!40101 SET @saved_cs_client     = @@character_set_client */;
/*!50503 SET character_set_client = utf8mb4 */;
CREATE TABLE `chat_rooms` (
  `id` int(11) NOT NULL AUTO_INCREMENT,
  `creator_id` int(11) DEFAULT NULL,
  `post_id` int(11) DEFAULT NULL,
  `room_name` varchar(100) COLLATE utf8mb4_bin NOT NULL,
  `room_type` enum('PRIVATE','GROUP') COLLATE utf8mb4_bin NOT NULL,
  `created_at` datetime NOT NULL DEFAULT current_timestamp(),
  `status` enum('ACTIVE','INACTIVE') COLLATE utf8mb4_bin NOT NULL DEFAULT 'ACTIVE',
  `member_limit` int(11) NOT NULL,
  `thumbnail_url` varchar(255) COLLATE utf8mb4_bin DEFAULT NULL,
  PRIMARY KEY (`id`),
  KEY `creator_id` (`creator_id`),
  KEY `post_id` (`post_id`),
  CONSTRAINT `chat_rooms_ibfk_1` FOREIGN KEY (`creator_id`) REFERENCES `users` (`id`),
  CONSTRAINT `chat_rooms_ibfk_2` FOREIGN KEY (`post_id`) REFERENCES `posts` (`id`)
) ENGINE=InnoDB AUTO_INCREMENT=53 DEFAULT CHARSET=utf8mb4 COLLATE=utf8mb4_bin;
/*!40101 SET character_set_client = @saved_cs_client */;

--
-- Dumping data for table `chat_rooms`
--

LOCK TABLES `chat_rooms` WRITE;
/*!40000 ALTER TABLE `chat_rooms` DISABLE KEYS */;
INSERT INTO `chat_rooms` VALUES (1,15,NULL,'토마토러버전종우, 신성우, 윤서희, 유림2, 유림, 서흐e, 비쵸비러버한재서','GROUP','2025-02-17 16:18:32','ACTIVE',7,NULL),(2,19,NULL,'서흐이, 토마토러버전종우','PRIVATE','2025-02-17 16:22:06','ACTIVE',2,NULL),(3,20,NULL,'','PRIVATE','2025-02-17 16:22:46','INACTIVE',2,NULL),(5,19,NULL,'서흐이, 비쵸비러버한재서, 토마토러버전종우','GROUP','2025-02-17 07:45:56','ACTIVE',3,NULL),(6,20,NULL,'','PRIVATE','2025-02-17 08:00:57','INACTIVE',2,NULL),(7,19,NULL,'','PRIVATE','2025-02-17 18:47:11','INACTIVE',2,NULL),(9,41,NULL,'김경수,비쵸비러버한재서','PRIVATE','2025-02-17 22:27:21','ACTIVE',2,NULL),(10,40,NULL,'거친생각의한재서,예빈남친','PRIVATE','2025-02-17 22:49:54','ACTIVE',2,NULL),(11,1,NULL,'유림, 신성우','PRIVATE','2025-02-18 07:36:48','ACTIVE',2,NULL),(12,20,NULL,'윤서희,토마토러버전종우','PRIVATE','2025-02-18 12:46:08','ACTIVE',2,NULL),(13,20,NULL,'윤서희, 유림2','PRIVATE','2025-02-19 01:35:10','ACTIVE',2,'https://lh3.googleusercontent.com/a/ACg8ocIIu8KYkzL16CbxdwZoywOx5_6RDL_olHq-AxatgMkwqxw7gD8=s96-c'),(14,19,NULL,'서흐이, 비쵸비러버한재서','PRIVATE','2025-02-19 02:52:08','ACTIVE',2,'http://k.kakaocdn.net/dn/bblIFE/btsJwbo9fcE/efntS4E6qmKrTlZaA1ZAOK/img_640x640.jpg'),(15,19,NULL,'유유테스트데이터3','PRIVATE','2025-02-19 02:52:15','ACTIVE',2,'http://k.kakaocdn.net/dn/bblIFE/btsJwbo9fcE/efntS4E6qmKrTlZaA1ZAOK/img_640x640.jpg'),(17,50,NULL,'이남재,유유테스트데이터5','PRIVATE','2025-02-18 21:39:24','ACTIVE',2,'http://img1.kakaocdn.net/thumb/R640x640.q70/?fname=http://t1.kakaocdn.net/account_images/default_profile.jpeg'),(18,50,NULL,'이남재, 서흐이','PRIVATE','2025-02-18 21:48:15','ACTIVE',2,'http://img1.kakaocdn.net/thumb/R640x640.q70/?fname=http://t1.kakaocdn.net/account_images/default_profile.jpeg'),(19,19,NULL,'서흐이,신덩구','PRIVATE','2025-02-19 09:34:30','ACTIVE',2,'http://k.kakaocdn.net/dn/bblIFE/btsJwbo9fcE/efntS4E6qmKrTlZaA1ZAOK/img_640x640.jpg'),(21,19,NULL,'유유테스트데이터7','PRIVATE','2025-02-19 11:06:24','ACTIVE',2,'http://k.kakaocdn.net/dn/bblIFE/btsJwbo9fcE/efntS4E6qmKrTlZaA1ZAOK/img_640x640.jpg'),(22,19,NULL,'','PRIVATE','2025-02-19 11:11:41','INACTIVE',2,'http://k.kakaocdn.net/dn/bblIFE/btsJwbo9fcE/efntS4E6qmKrTlZaA1ZAOK/img_640x640.jpg'),(23,20,NULL,'윤서희,서흐이','PRIVATE','2025-02-19 11:42:47','ACTIVE',2,'https://lh3.googleusercontent.com/a/ACg8ocIIu8KYkzL16CbxdwZoywOx5_6RDL_olHq-AxatgMkwqxw7gD8=s96-c'),(24,3,75,'감자 공구 하실분~','GROUP','2025-02-19 10:38:20','ACTIVE',3,'http://k.kakaocdn.net/dn/iqW9i/btsLxOTUlj1/M3gViIeEmE4XG6M9K2Mwp1/img_640x640.jpg'),(25,16,NULL,'피자러버신성우,변서진','PRIVATE','2025-02-19 11:06:39','ACTIVE',2,'https://lh3.googleusercontent.com/a/ACg8ocI43gNGsFTmo-Dt-BuNbozGo1KKebEpIBcapynZ3ekqrYd8NA=s96-c'),(26,1,NULL,'오늘은내가요리사, jordi','PRIVATE','2025-02-19 11:06:40','ACTIVE',2,'https://damulbucket.s3.ap-northeast-2.amazonaws.com/81a469ff-3e77-498b-ab9c-9f293826f784-profile.png'),(27,16,NULL,'피자러버신성우,jordi','PRIVATE','2025-02-19 11:07:42','ACTIVE',2,'https://lh3.googleusercontent.com/a/ACg8ocI43gNGsFTmo-Dt-BuNbozGo1KKebEpIBcapynZ3ekqrYd8NA=s96-c'),(28,20,76,'역삼에서 당근 나눔합니다','GROUP','2025-02-19 11:09:51','ACTIVE',10,'https://lh3.googleusercontent.com/a/ACg8ocIIu8KYkzL16CbxdwZoywOx5_6RDL_olHq-AxatgMkwqxw7gD8=s96-c'),(29,1,NULL,'오늘은내가요리사, 최소영','PRIVATE','2025-02-19 11:10:33','ACTIVE',2,'https://damulbucket.s3.ap-northeast-2.amazonaws.com/9bd28c45-08cf-41e1-8354-cb8773f5b59c-sss.png'),(30,25,77,'배홍동 윈터에디션 사라지기 전에 공구하실분!','GROUP','2025-02-19 11:10:52','ACTIVE',6,'https://lh3.googleusercontent.com/a/ACg8ocJtwBcyplhRl0hSEuLx5-NA6wbKRsuvYQi8S6jlAeJJArUjMmw=s96-c'),(31,20,NULL,'윤서희,나야나72','PRIVATE','2025-02-19 11:21:38','ACTIVE',2,'https://lh3.googleusercontent.com/a/ACg8ocIIu8KYkzL16CbxdwZoywOx5_6RDL_olHq-AxatgMkwqxw7gD8=s96-c'),(32,78,NULL,'윤2','PRIVATE','2025-02-19 12:14:00','ACTIVE',2,'https://damulbucket.s3.ap-northeast-2.amazonaws.com/a6760c33-1cf8-4251-985d-5a6d71d86143-%EC%8A%A4%ED%81%AC%EB%A6%B0%EC%83%B7%202025-01-14%20175512.png'),(33,78,NULL,'test1234,윤2','PRIVATE','2025-02-19 12:16:34','ACTIVE',2,'https://damulbucket.s3.ap-northeast-2.amazonaws.com/a6760c33-1cf8-4251-985d-5a6d71d86143-%EC%8A%A4%ED%81%AC%EB%A6%B0%EC%83%B7%202025-01-14%20175512.png'),(34,55,NULL,'변서진','PRIVATE','2025-02-19 12:47:47','ACTIVE',2,'https://lh3.googleusercontent.com/a/ACg8ocJd0Wtkod5PHtqRu5SXfUQXdxiVYjmNJuExOovfhuEDMOrL8LI=s96-c'),(35,47,NULL,'gw, 잉지','PRIVATE','2025-02-19 12:55:33','ACTIVE',2,'https://damulbucket.s3.ap-northeast-2.amazonaws.com/2c32d3d7-c4e5-4bec-83c9-8868d8ff03c2-rn_image_picker_lib_temp_b27e909a-940d-4938-b75a-1a14a4fe38d9.jpg'),(36,3,NULL,'빵유림,아아메한잔','PRIVATE','2025-02-19 13:04:12','ACTIVE',2,'http://k.kakaocdn.net/dn/iqW9i/btsLxOTUlj1/M3gViIeEmE4XG6M9K2Mwp1/img_640x640.jpg'),(37,47,NULL,'혜진,서선애','PRIVATE','2025-02-19 13:08:12','ACTIVE',2,'https://damulbucket.s3.ap-northeast-2.amazonaws.com/2c32d3d7-c4e5-4bec-83c9-8868d8ff03c2-rn_image_picker_lib_temp_b27e909a-940d-4938-b75a-1a14a4fe38d9.jpg'),(38,47,NULL,'혜진,토마토러버전종우','PRIVATE','2025-02-19 13:42:54','ACTIVE',2,'https://damulbucket.s3.ap-northeast-2.amazonaws.com/2c32d3d7-c4e5-4bec-83c9-8868d8ff03c2-rn_image_picker_lib_temp_b27e909a-940d-4938-b75a-1a14a4fe38d9.jpg'),(39,47,NULL,'혜진,고야앙','PRIVATE','2025-02-19 13:53:35','ACTIVE',2,'https://damulbucket.s3.ap-northeast-2.amazonaws.com/2c32d3d7-c4e5-4bec-83c9-8868d8ff03c2-rn_image_picker_lib_temp_b27e909a-940d-4938-b75a-1a14a4fe38d9.jpg'),(40,47,78,'남은 초콜릿 구합니다^^','GROUP','2025-02-19 14:02:49','ACTIVE',20,'https://damulbucket.s3.ap-northeast-2.amazonaws.com/2c32d3d7-c4e5-4bec-83c9-8868d8ff03c2-rn_image_picker_lib_temp_b27e909a-940d-4938-b75a-1a14a4fe38d9.jpg'),(41,15,NULL,'토마토러버전종우,마나오리','PRIVATE','2025-02-19 19:03:51','ACTIVE',2,'https://damulbucket.s3.ap-northeast-2.amazonaws.com/b883155a-ee0f-4aa8-b32b-1055b556b586-loadingAnimation.gif'),(42,19,NULL,'서흐이,나야나72','PRIVATE','2025-02-19 22:34:01','ACTIVE',2,'http://k.kakaocdn.net/dn/bblIFE/btsJwbo9fcE/efntS4E6qmKrTlZaA1ZAOK/img_640x640.jpg'),(43,19,NULL,'서흐이,피자러버신성우','PRIVATE','2025-02-20 10:04:08','ACTIVE',2,'http://k.kakaocdn.net/dn/bblIFE/btsJwbo9fcE/efntS4E6qmKrTlZaA1ZAOK/img_640x640.jpg'),(44,19,79,'용산에서 만두 나눔합니다','GROUP','2025-02-20 10:38:18','ACTIVE',4,'http://k.kakaocdn.net/dn/bblIFE/btsJwbo9fcE/efntS4E6qmKrTlZaA1ZAOK/img_640x640.jpg'),(45,38,NULL,'망고러버오정하,서흐이','PRIVATE','2025-02-20 10:49:48','ACTIVE',2,'https://damulbucket.s3.ap-northeast-2.amazonaws.com/175b333b-c6dd-48a6-9fef-d7ac52edc8f4-IMG_9425.jpeg'),(46,95,80,'양상추 사서 나누실 분','GROUP','2025-02-21 00:32:48','ACTIVE',2,'https://ssl.pstatic.net/static/pwe/address/img_profile.png'),(47,25,81,'사당역 롯데슈퍼 양배추 10포기 35000원!','GROUP','2025-02-21 01:39:00','ACTIVE',5,'https://lh3.googleusercontent.com/a/ACg8ocJtwBcyplhRl0hSEuLx5-NA6wbKRsuvYQi8S6jlAeJJArUjMmw=s96-c'),(48,1,NULL,'오늘은내가요리사, 토마토러버전종우','PRIVATE','2025-02-21 04:39:40','ACTIVE',2,'https://damulbucket.s3.ap-northeast-2.amazonaws.com/9bd28c45-08cf-41e1-8354-cb8773f5b59c-sss.png'),(49,1,NULL,'오늘은내가요리사, 윤서희','PRIVATE','2025-02-21 04:39:50','ACTIVE',2,'https://damulbucket.s3.ap-northeast-2.amazonaws.com/9bd28c45-08cf-41e1-8354-cb8773f5b59c-sss.png'),(50,47,NULL,'혜진,서쪽하늘','PRIVATE','2025-02-21 04:43:03','ACTIVE',2,'https://damulbucket.s3.ap-northeast-2.amazonaws.com/2c32d3d7-c4e5-4bec-83c9-8868d8ff03c2-rn_image_picker_lib_temp_b27e909a-940d-4938-b75a-1a14a4fe38d9.jpg'),(51,96,NULL,'서쪽하늘,김비쵸비러버한재서','PRIVATE','2025-02-21 04:44:35','ACTIVE',2,'https://ssl.pstatic.net/static/pwe/address/img_profile.png'),(52,16,NULL,'피자러버신성우,토마토러버전종우','PRIVATE','2025-02-21 07:17:59','ACTIVE',2,'https://damulbucket.s3.ap-northeast-2.amazonaws.com/9a3557eb-5d6c-4bf6-b8c3-fc33d88d5bc8-%EC%8A%A4%ED%81%AC%EB%A6%B0%EC%83%B7%202025-02-18%20110651.png');
/*!40000 ALTER TABLE `chat_rooms` ENABLE KEYS */;
UNLOCK TABLES;

--
-- Table structure for table `recipe_ingredients`
--

DROP TABLE IF EXISTS `recipe_ingredients`;
/*!40101 SET @saved_cs_client     = @@character_set_client */;
/*!50503 SET character_set_client = utf8mb4 */;
CREATE TABLE `recipe_ingredients` (
  `id` int(11) NOT NULL AUTO_INCREMENT,
  `recipe_id` int(11) NOT NULL,
  `ingredient_name` varchar(50) COLLATE utf8mb4_bin NOT NULL,
  `amount` varchar(20) COLLATE utf8mb4_bin NOT NULL,
  `unit` varchar(10) COLLATE utf8mb4_bin DEFAULT NULL,
  `normalized_ingredient_name` varchar(50) COLLATE utf8mb4_bin DEFAULT NULL,
  PRIMARY KEY (`id`),
  KEY `recipe_id` (`recipe_id`),
  KEY `idx_recipe_ingredients_normalized` (`normalized_ingredient_name`),
  CONSTRAINT `recipe_ingredients_ibfk_1` FOREIGN KEY (`recipe_id`) REFERENCES `recipes` (`id`)
) ENGINE=InnoDB AUTO_INCREMENT=92 DEFAULT CHARSET=utf8mb4 COLLATE=utf8mb4_bin;
/*!40101 SET character_set_client = @saved_cs_client */;

--
-- Dumping data for table `recipe_ingredients`
--

LOCK TABLES `recipe_ingredients` WRITE;
/*!40000 ALTER TABLE `recipe_ingredients` DISABLE KEYS */;
INSERT INTO `recipe_ingredients` VALUES (13,17,'삼겹살','1','근','삼겹살'),(14,17,'쌈장','1','통','쌈장'),(15,17,'마늘','300','그램','마늘'),(16,17,'깻잎','30','장','깻잎'),(17,17,'청양고추','10','개','청양고추'),(18,17,'느타리버섯','1','봉지','느타리버섯'),(19,17,'김치','500','그램','김치'),(20,17,'밥','2','그릇','밥'),(25,12,'비빔면','1','봉','비빔면'),(26,12,'상추','2','장','상추'),(27,12,'오이','반','개','오이'),(38,29,'닭','600','g','닭'),(39,29,' 대파','1','단','대파'),(40,29,'모짜렐라치즈','120','g','치즈'),(41,30,'파스타 면','180','g','면'),(42,30,'달걀','3','개','달걀'),(43,30,'슬라이스 치즈','2','장','치즈'),(44,30,'올리브오일','2','큰술','올리브오일'),(45,30,'다진마늘','1','작은술','마늘'),(46,30,'대파','1/2','대','대파'),(47,30,'고형 치킨스톡','1/3','조각','스톡'),(48,30,'면수','1','컵','면수'),(49,31,'양배추','1/4','개개','양배추'),(50,31,'오이','1','개','오이'),(51,31,'닭가슴살','100','g','살'),(52,31,'다진 견과류','40','g','견과류'),(53,31,'건 크랜베리','40','g','크랜베리'),(54,31,'파마산치즈','30','g','치즈'),(55,31,'그릭요거트','100','g','요거트'),(56,31,'홀그레인머스타드','1','큰술','머스타드'),(57,31,'식초(또는레몬즙)','1','큰술','식초'),(58,31,'알룰로스시럽','1','큰술','시럽'),(59,31,'소금','1/2','작은술','소금'),(60,32,'오징어채','150','g','오징어채'),(61,32,'식용유','2','큰술','식용유'),(62,32,'참기름','1','큰술','참기름'),(63,32,'통깨','1','꼬집','통깨'),(64,32,'고추장','2','큰술','고추장'),(65,32,'올리고당','2','큰술','올리고당'),(66,32,'맛술','2','큰술','맛술'),(67,32,'설탕','2','큰술','설탕'),(68,32,'간장','1','큰술','간장'),(69,32,'고운고춧가루','1','큰술','고춧가루'),(70,32,'다진마늘','1/2','큰술','마늘'),(71,32,'물','1/4','컵','물'),(72,33,'무','100','g','무'),(73,33,'소고기','40','g','소고기'),(74,33,'양파','1/4','개','양파'),(75,33,'다시마','1','장','다시마'),(76,34,'바나나(푹~익은바나','3','개','바나'),(77,34,'달걀','1','개','달걀'),(78,34,'우유','2','큰술','우유'),(79,34,'올리고당','3','큰술','올리고당'),(80,34,'녹인버터','1/3','컵','인버터'),(81,34,'바닐라에센스','1','작은술','에센스'),(82,34,'밀가루중력분','1.5','컵','중력'),(83,34,'설탕','1/2','컵','설탕'),(84,34,'소금','1','꼬집','소금'),(85,34,'베이킹소다','1','작은술','킹소'),(86,34,'베이킹파우더','1','작은술','베이킹파우더'),(87,34,'슬라이스아몬드','1','꼬집','아몬드'),(88,34,'슈가파우더','1','적당량','파우더'),(89,35,'불닭 볶음면','1','CUP','볶음'),(90,35,'의성마늘 핫 바','1','개','바'),(91,35,'스트링치즈','2','개','스트링치즈');
/*!40000 ALTER TABLE `recipe_ingredients` ENABLE KEYS */;
UNLOCK TABLES;

--
-- Table structure for table `food_preference`
--

DROP TABLE IF EXISTS `food_preference`;
/*!40101 SET @saved_cs_client     = @@character_set_client */;
/*!50503 SET character_set_client = utf8mb4 */;
CREATE TABLE `food_preference` (
  `id` int(11) NOT NULL AUTO_INCREMENT,
  `user_id` int(11) NOT NULL,
  `category_id` int(11) NOT NULL,
  `category_preference` int(11) NOT NULL,
  PRIMARY KEY (`id`),
  KEY `user_id` (`user_id`),
  KEY `category_id` (`category_id`),
  CONSTRAINT `food_preference_ibfk_1` FOREIGN KEY (`user_id`) REFERENCES `users` (`id`),
  CONSTRAINT `food_preference_ibfk_2` FOREIGN KEY (`category_id`) REFERENCES `food_categories` (`id`)
) ENGINE=InnoDB AUTO_INCREMENT=123 DEFAULT CHARSET=utf8mb4 COLLATE=utf8mb4_bin;
/*!40101 SET character_set_client = @saved_cs_client */;

--
-- Dumping data for table `food_preference`
--

LOCK TABLES `food_preference` WRITE;
/*!40000 ALTER TABLE `food_preference` DISABLE KEYS */;
INSERT INTO `food_preference` VALUES (1,17,1,63),(2,3,1,76),(3,15,1,92),(4,16,1,33),(5,1,1,59),(6,17,2,19),(7,3,2,11),(8,15,2,14),(9,16,2,106),(10,1,2,42),(11,17,3,34),(12,3,3,45),(13,15,3,22),(14,16,3,79),(15,1,3,95),(16,17,4,61),(17,3,4,13),(18,15,4,91),(19,16,4,9),(20,1,4,70),(21,17,5,26),(22,3,5,16),(23,15,5,7),(24,16,5,85),(25,1,5,26),(26,17,6,32),(27,3,6,78),(28,15,6,95),(29,16,6,39),(30,1,6,86),(31,17,7,29),(32,3,7,84),(33,15,7,35),(34,16,7,15),(35,1,7,58),(36,17,8,57),(37,3,8,7),(38,15,8,66),(39,16,8,26),(40,1,8,32),(41,17,9,44),(42,3,9,20),(43,15,9,76),(44,16,9,104),(45,1,9,26),(46,17,10,73),(47,3,10,87),(48,15,10,109),(49,16,10,207),(50,1,10,83),(64,20,10,4),(65,19,5,6),(66,19,10,30),(67,19,2,8),(68,19,4,2),(69,20,2,3),(70,20,4,1),(71,20,5,1),(72,20,1,1),(73,50,5,1),(74,50,7,1),(75,50,8,1),(76,50,9,3),(77,50,10,3),(78,19,8,7),(79,19,7,6),(80,19,9,16),(81,61,1,1),(82,61,4,1),(83,61,8,1),(84,61,2,3),(85,78,2,1),(86,78,6,1),(87,83,9,3),(88,83,10,10),(89,47,10,1),(90,83,4,1),(91,83,7,1),(92,61,10,1),(93,61,5,1),(94,55,10,18),(95,79,7,3),(96,79,6,1),(97,79,9,1),(98,79,8,1),(99,62,1,2),(100,62,6,2),(101,62,8,1),(102,62,9,1),(103,62,10,2),(104,62,3,1),(105,85,2,3),(106,85,8,4),(107,85,9,8),(108,85,10,6),(109,85,5,2),(110,88,8,1),(111,86,1,5),(112,86,10,5),(113,85,1,3),(114,85,3,2),(115,85,4,3),(116,85,6,1),(117,85,7,2),(118,20,6,1),(119,25,10,11),(120,97,1,1),(121,97,2,1),(122,97,3,1);
/*!40000 ALTER TABLE `food_preference` ENABLE KEYS */;
UNLOCK TABLES;

--
-- Table structure for table `posts`
--

DROP TABLE IF EXISTS `posts`;
/*!40101 SET @saved_cs_client     = @@character_set_client */;
/*!50503 SET character_set_client = utf8mb4 */;
CREATE TABLE `posts` (
  `id` int(11) NOT NULL AUTO_INCREMENT,
  `author_id` int(11) NOT NULL,
  `title` varchar(200) COLLATE utf8mb4_bin NOT NULL,
  `content` text COLLATE utf8mb4_bin NOT NULL,
  `status` enum('ACTIVE','COMPLETED','DELETED') COLLATE utf8mb4_bin NOT NULL DEFAULT 'ACTIVE',
  `view_cnt` int(11) NOT NULL DEFAULT 0,
  `created_at` datetime NOT NULL DEFAULT current_timestamp(),
  `updated_at` datetime DEFAULT NULL,
  `thumbnail_url` varchar(255) COLLATE utf8mb4_bin DEFAULT NULL,
  PRIMARY KEY (`id`),
  KEY `writer_id` (`author_id`),
  CONSTRAINT `posts_ibfk_1` FOREIGN KEY (`author_id`) REFERENCES `users` (`id`)
) ENGINE=InnoDB AUTO_INCREMENT=82 DEFAULT CHARSET=utf8mb4 COLLATE=utf8mb4_bin;
/*!40101 SET character_set_client = @saved_cs_client */;

--
-- Dumping data for table `posts`
--

LOCK TABLES `posts` WRITE;
/*!40000 ALTER TABLE `posts` DISABLE KEYS */;
INSERT INTO `posts` VALUES (75,3,'감자 공구 하실분~','아시는 분이 감자 농사를 지으시는데 싸게 해주신대요^^\n1kg에 5000원입니다!','COMPLETED',9,'2025-02-19 01:38:20','2025-02-19 02:16:26','https://damulbucket.s3.ap-northeast-2.amazonaws.com/7184d370-1a35-4cf8-917f-2053759b0e42-%EA%B0%90%EC%9E%90.png'),(76,20,'역삼에서 당근 나눔합니다','당근을 10kg이나 잘못 주문했어요ㅠㅠ\n역삼 근처 계시는 분 당근 무료나눔 하겠습니다!!','ACTIVE',10,'2025-02-19 02:09:51','2025-02-19 02:09:51','https://damulbucket.s3.ap-northeast-2.amazonaws.com/eaeac4ce-e08e-4aac-a329-278f9547be70-25492_61012_0713.jpg'),(77,25,'배홍동 윈터에디션 사라지기 전에 공구하실분!','배홍동 비빔면 드셔보셨습니까?\n진짜 정말 맛있습니다...\n이거 곧 사라지는데 그 전에 같이 공구하실 분 찾아요','ACTIVE',12,'2025-02-19 02:10:52','2025-02-19 02:10:52','https://damulbucket.s3.ap-northeast-2.amazonaws.com/948014f6-5960-4e35-a72b-2faf11fdbbda-%EB%B0%B0%ED%99%8D%EB%8F%99.jpg'),(78,47,'남은 초콜릿 구합니다^^','친구, 가족, 연인에게 받은 초콜릿들!!\n너무 많아서 처치 곤란이신가요?\n저에게 주시면 좋은 곳에 쓰겠습니다🥰🥰\n연락 기다릴게요~~😘😘😘😘','COMPLETED',11,'2025-02-19 14:02:49','2025-02-19 05:02:49','https://damulbucket.s3.ap-northeast-2.amazonaws.com/44f1c486-6f29-4b95-b422-9d124aa1ae73-%ED%99%94%EB%A9%B4%20%EC%BA%A1%EC%B2%98%202025-02-19%20140217.png'),(79,19,'용산에서 만두 나눔합니다','비비고 만두를 5kg 주문했는데 5kg이 이렇게 많은 줄 몰랐습니다... 1인 가구라 아무래도 다 먹을 수 없을 것 같아 나눔해요!!\n\n용산에서 나눔 가능하고, 1kg 봉지 3개 나눔 가능합니다 :)','ACTIVE',10,'2025-02-20 10:38:18','2025-02-20 01:38:18','https://damulbucket.s3.ap-northeast-2.amazonaws.com/841cb33e-9c36-4b2c-b245-080d363fbf66-c8ef10d5-a308-4b98-9d0b-5f7e5e46ecfc.jpg'),(80,95,'양상추 사서 나누실 분','요즘 양상추 너무 비싼데 사서 반 나누실 분 구해요~\n사당역 주민이시면 연락주세요!','ACTIVE',2,'2025-02-21 00:32:48','2025-02-20 15:32:48','https://damulbucket.s3.ap-northeast-2.amazonaws.com/e43ba37d-9bab-4300-84a9-de3dc888539f-%EC%96%91%EC%83%81%EC%B6%94.jpg'),(81,25,'사당역 롯데슈퍼 양배추 10포기 35000원!','지금 1포기에 5500원인데 롯데슈퍼 10포기에 35000원입니다!\n같이 사러가실 사당러 컴컴!','ACTIVE',11,'2025-02-21 01:39:00','2025-02-20 16:39:00','https://damulbucket.s3.ap-northeast-2.amazonaws.com/29b46bea-26ed-4cb5-ad24-9488ce34d525-%EC%96%91%EB%B0%B0%EC%B6%94.jpg');
/*!40000 ALTER TABLE `posts` ENABLE KEYS */;
UNLOCK TABLES;

--
-- Table structure for table `chat_room_members`
--

DROP TABLE IF EXISTS `chat_room_members`;
/*!40101 SET @saved_cs_client     = @@character_set_client */;
/*!50503 SET character_set_client = utf8mb4 */;
CREATE TABLE `chat_room_members` (
  `id` int(11) NOT NULL AUTO_INCREMENT,
  `room_id` int(11) NOT NULL,
  `user_id` int(11) NOT NULL,
  `nickname` varchar(50) COLLATE utf8mb4_bin NOT NULL,
  `role` enum('ADMIN','MEMBER') COLLATE utf8mb4_bin NOT NULL DEFAULT 'MEMBER',
  `joined_at` datetime NOT NULL DEFAULT current_timestamp(),
  `last_read_message_id` int(11) NOT NULL DEFAULT 0,
  PRIMARY KEY (`id`),
  KEY `room_id` (`room_id`),
  KEY `user_id` (`user_id`),
  CONSTRAINT `chat_room_members_ibfk_1` FOREIGN KEY (`room_id`) REFERENCES `chat_rooms` (`id`),
  CONSTRAINT `chat_room_members_ibfk_2` FOREIGN KEY (`user_id`) REFERENCES `users` (`id`)
) ENGINE=InnoDB AUTO_INCREMENT=122 DEFAULT CHARSET=utf8mb4 COLLATE=utf8mb4_bin;
/*!40101 SET character_set_client = @saved_cs_client */;

--
-- Dumping data for table `chat_room_members`
--

LOCK TABLES `chat_room_members` WRITE;
/*!40000 ALTER TABLE `chat_room_members` DISABLE KEYS */;
INSERT INTO `chat_room_members` VALUES (1,1,15,'토마토러버전종우','ADMIN','2025-02-17 16:18:32',586),(2,1,16,'신성우','MEMBER','2025-02-17 16:18:32',586),(3,1,20,'윤서희','MEMBER','2025-02-17 16:18:32',586),(4,1,3,'유림2','MEMBER','2025-02-17 16:18:32',586),(5,1,1,'유림','MEMBER','2025-02-17 16:18:32',586),(6,1,19,'서흐e','MEMBER','2025-02-17 16:18:32',586),(7,1,25,'비쵸비러버한재서','MEMBER','2025-02-17 16:18:32',586),(8,2,19,'서흐e','MEMBER','2025-02-17 16:22:06',630),(9,2,15,'토마토러버전종우','MEMBER','2025-02-17 16:22:06',630),(14,5,19,'서흐e','ADMIN','2025-02-17 07:45:56',75),(15,5,25,'비쵸비러버한재서','MEMBER','2025-02-17 07:45:56',75),(16,5,15,'토마토러버전종우','MEMBER','2025-02-17 07:45:56',75),(27,9,41,'김경수','MEMBER','2025-02-17 22:27:21',0),(28,9,25,'비쵸비러버한재서','MEMBER','2025-02-17 22:27:21',102),(29,10,40,'거친생각의한재서','MEMBER','2025-02-17 22:49:54',104),(30,10,42,'예빈남친','MEMBER','2025-02-17 22:49:54',104),(31,11,1,'유림','MEMBER','2025-02-18 07:36:48',115),(32,11,16,'신성우','MEMBER','2025-02-18 07:36:48',115),(33,12,20,'윤서희','MEMBER','2025-02-18 12:46:08',119),(34,12,15,'토마토러버전종우','MEMBER','2025-02-18 12:46:08',119),(35,13,20,'윤서희','MEMBER','2025-02-19 01:35:10',531),(36,13,3,'유림2','MEMBER','2025-02-19 01:35:10',531),(37,14,19,'서흐e','MEMBER','2025-02-19 02:52:08',582),(38,14,25,'비쵸비러버한재서','MEMBER','2025-02-19 02:52:08',582),(42,17,50,'이남재','MEMBER','2025-02-18 21:39:24',0),(44,18,50,'이남재','MEMBER','2025-02-18 21:48:15',0),(45,18,19,'서흐e','MEMBER','2025-02-18 21:48:15',191),(46,19,19,'서흐이','MEMBER','2025-02-19 09:34:30',163),(47,19,17,'신덩구','MEMBER','2025-02-19 09:34:30',0),(53,23,20,'윤서희','MEMBER','2025-02-19 11:42:47',566),(54,23,19,'서흐이','MEMBER','2025-02-19 11:42:47',566),(55,24,3,'빵유림','ADMIN','2025-02-19 10:38:20',289),(56,25,16,'피자러버신성우','MEMBER','2025-02-19 11:06:39',249),(57,25,56,'변서진','MEMBER','2025-02-19 11:06:39',249),(58,26,1,'오늘은내가요리사','MEMBER','2025-02-19 11:06:40',248),(59,26,55,'jordi','MEMBER','2025-02-19 11:06:40',248),(60,27,16,'피자러버신성우','MEMBER','2025-02-19 11:07:42',251),(61,27,55,'jordi','MEMBER','2025-02-19 11:07:42',251),(62,28,20,'윤서희','ADMIN','2025-02-19 11:09:51',266),(63,29,1,'오늘은내가요리사','MEMBER','2025-02-19 11:10:33',308),(64,29,57,'최소영','MEMBER','2025-02-19 11:10:33',257),(65,30,25,'비쵸비러버한재서','ADMIN','2025-02-19 11:10:52',573),(66,28,25,'비쵸비러버한재서','MEMBER','2025-02-19 11:14:13',266),(67,28,16,'피자러버신성우','MEMBER','2025-02-19 11:14:47',266),(68,24,16,'피자러버신성우','MEMBER','2025-02-19 11:15:36',289),(69,24,25,'비쵸비러버한재서','MEMBER','2025-02-19 11:15:59',289),(70,31,20,'윤서희','MEMBER','2025-02-19 11:21:38',276),(71,31,63,'나야나72','MEMBER','2025-02-19 11:21:38',276),(73,32,74,'윤2','MEMBER','2025-02-19 12:14:00',0),(74,33,78,'test1234','MEMBER','2025-02-19 12:16:34',287),(75,33,74,'윤2','MEMBER','2025-02-19 12:16:34',0),(77,34,56,'변서진','MEMBER','2025-02-19 12:47:47',0),(78,35,47,'gw','MEMBER','2025-02-19 12:55:33',292),(79,35,83,'잉지','MEMBER','2025-02-19 12:55:33',292),(80,36,3,'빵유림','MEMBER','2025-02-19 13:04:12',454),(81,36,86,'아아메한잔','MEMBER','2025-02-19 13:04:12',390),(82,37,47,'혜진','MEMBER','2025-02-19 13:08:12',327),(83,37,61,'서선애','MEMBER','2025-02-19 13:08:12',327),(84,38,47,'혜진','MEMBER','2025-02-19 13:42:54',358),(85,38,15,'토마토러버전종우','MEMBER','2025-02-19 13:42:54',358),(86,39,47,'혜진','MEMBER','2025-02-19 13:53:35',356),(87,39,62,'고야앙','MEMBER','2025-02-19 13:53:35',356),(88,40,47,'혜진','ADMIN','2025-02-19 14:02:49',385),(90,41,15,'토마토러버전종우','MEMBER','2025-02-19 19:03:51',379),(91,41,89,'마나오리','MEMBER','2025-02-19 19:03:51',0),(92,40,19,'서흐이','MEMBER','2025-02-19 19:20:36',611),(94,42,19,'서흐이','MEMBER','2025-02-19 22:34:01',386),(95,42,63,'나야나72','MEMBER','2025-02-19 22:34:01',0),(96,43,19,'서흐이','MEMBER','2025-02-20 10:04:08',438),(97,43,16,'피자러버신성우','MEMBER','2025-02-20 10:04:08',438),(98,44,19,'서흐이','ADMIN','2025-02-20 10:38:18',613),(99,45,38,'망고러버오정하','MEMBER','2025-02-20 10:49:48',453),(100,45,19,'서흐이','MEMBER','2025-02-20 10:49:48',455),(101,44,85,'다믈랭','MEMBER','2025-02-20 11:10:14',518),(102,44,25,'김비쵸비러버한재서','MEMBER','2025-02-20 20:55:54',613),(103,46,95,'매너온도삼천도','ADMIN','2025-02-21 00:32:48',570),(104,47,25,'김비쵸비러버한재서','ADMIN','2025-02-21 01:39:00',610),(105,47,15,'토마토러버전종우','MEMBER','2025-02-21 03:48:48',610),(106,30,19,'서흐이','MEMBER','2025-02-21 03:51:49',573),(107,48,1,'오늘은내가요리사','MEMBER','2025-02-21 04:39:40',588),(108,48,15,'토마토러버전종우','MEMBER','2025-02-21 04:39:40',588),(109,49,1,'오늘은내가요리사','MEMBER','2025-02-21 04:39:50',616),(110,49,20,'윤서희','MEMBER','2025-02-21 04:39:50',616),(111,50,47,'혜진','MEMBER','2025-02-21 04:43:03',594),(112,50,96,'서쪽하늘','MEMBER','2025-02-21 04:43:03',593),(113,51,96,'서쪽하늘','MEMBER','2025-02-21 04:44:35',608),(114,51,25,'김비쵸비러버한재서','MEMBER','2025-02-21 04:44:35',608),(115,47,16,'피자러버신성우','MEMBER','2025-02-21 07:02:33',631),(116,40,16,'피자러버신성우','MEMBER','2025-02-21 07:16:04',611),(117,44,16,'피자러버신성우','MEMBER','2025-02-21 07:16:32',613),(118,52,16,'피자러버신성우','MEMBER','2025-02-21 07:17:59',615),(119,52,15,'토마토러버전종우','MEMBER','2025-02-21 07:17:59',0),(120,47,19,'서흐이','MEMBER','2025-02-21 09:49:38',627),(121,47,3,'빵유림','MEMBER','2025-02-21 10:48:54',631);
/*!40000 ALTER TABLE `chat_room_members` ENABLE KEYS */;
UNLOCK TABLES;

--
-- Table structure for table `bookmarks`
--

DROP TABLE IF EXISTS `bookmarks`;
/*!40101 SET @saved_cs_client     = @@character_set_client */;
/*!50503 SET character_set_client = utf8mb4 */;
CREATE TABLE `bookmarks` (
  `id` int(11) NOT NULL AUTO_INCREMENT,
  `recipe_id` int(11) NOT NULL,
  `user_id` int(11) NOT NULL,
  `created_at` datetime NOT NULL DEFAULT current_timestamp(),
  PRIMARY KEY (`id`),
  KEY `recipe_id` (`recipe_id`),
  KEY `user_id` (`user_id`),
  CONSTRAINT `bookmarks_ibfk_1` FOREIGN KEY (`recipe_id`) REFERENCES `recipes` (`id`),
  CONSTRAINT `bookmarks_ibfk_2` FOREIGN KEY (`user_id`) REFERENCES `users` (`id`)
) ENGINE=InnoDB AUTO_INCREMENT=78 DEFAULT CHARSET=utf8mb4 COLLATE=utf8mb4_bin;
/*!40101 SET character_set_client = @saved_cs_client */;

--
-- Dumping data for table `bookmarks`
--

LOCK TABLES `bookmarks` WRITE;
/*!40000 ALTER TABLE `bookmarks` DISABLE KEYS */;
INSERT INTO `bookmarks` VALUES (44,17,20,'2025-02-14 04:34:35'),(49,17,19,'2025-02-15 08:55:23'),(52,17,15,'2025-02-16 05:46:00'),(54,12,15,'2025-02-16 09:33:14'),(62,12,25,'2025-02-17 15:37:34'),(65,12,50,'2025-02-18 12:54:43'),(69,34,78,'2025-02-19 03:05:42'),(70,17,78,'2025-02-19 03:11:19'),(71,34,19,'2025-02-19 04:13:16'),(72,12,1,'2025-02-19 06:38:27'),(73,17,85,'2025-02-20 02:10:02'),(74,31,15,'2025-02-20 15:54:37'),(75,35,15,'2025-02-20 16:02:26'),(76,35,96,'2025-02-20 19:47:46'),(77,35,52,'2025-02-20 19:47:46');
/*!40000 ALTER TABLE `bookmarks` ENABLE KEYS */;
UNLOCK TABLES;

--
-- Table structure for table `recipe_like`
--

DROP TABLE IF EXISTS `recipe_like`;
/*!40101 SET @saved_cs_client     = @@character_set_client */;
/*!50503 SET character_set_client = utf8mb4 */;
CREATE TABLE `recipe_like` (
  `id` int(11) NOT NULL AUTO_INCREMENT,
  `recipe_id` int(11) NOT NULL,
  `user_id` int(11) NOT NULL,
  `created_at` datetime NOT NULL DEFAULT current_timestamp(),
  PRIMARY KEY (`id`),
  KEY `recipe_id` (`recipe_id`),
  KEY `user_id` (`user_id`),
  CONSTRAINT `recipe_like_ibfk_1` FOREIGN KEY (`recipe_id`) REFERENCES `recipes` (`id`),
  CONSTRAINT `recipe_like_ibfk_2` FOREIGN KEY (`user_id`) REFERENCES `users` (`id`)
) ENGINE=InnoDB AUTO_INCREMENT=203 DEFAULT CHARSET=utf8mb4 COLLATE=utf8mb4_bin;
/*!40101 SET character_set_client = @saved_cs_client */;

--
-- Dumping data for table `recipe_like`
--

LOCK TABLES `recipe_like` WRITE;
/*!40000 ALTER TABLE `recipe_like` DISABLE KEYS */;
INSERT INTO `recipe_like` VALUES (114,17,20,'2025-02-15 16:16:26'),(115,17,20,'2025-02-15 16:16:26'),(148,12,19,'2025-02-17 10:12:21'),(158,17,25,'2025-02-18 11:09:17'),(179,29,3,'2025-02-19 09:41:26'),(180,29,47,'2025-02-19 00:46:45'),(182,29,19,'2025-02-19 12:27:15'),(183,12,25,'2025-02-19 10:44:56'),(184,34,25,'2025-02-19 10:45:00'),(185,17,15,'2025-02-19 11:01:10'),(186,12,15,'2025-02-19 11:01:15'),(187,12,16,'2025-02-19 11:02:16'),(188,30,3,'2025-02-19 11:13:53'),(189,34,78,'2025-02-19 12:04:35'),(190,17,78,'2025-02-19 12:11:20'),(191,29,20,'2025-02-20 11:02:23'),(192,17,85,'2025-02-20 11:10:00'),(193,17,19,'2025-02-20 19:35:27'),(195,31,15,'2025-02-21 03:48:22'),(196,35,96,'2025-02-21 04:47:35'),(197,35,52,'2025-02-21 04:47:45'),(198,17,16,'2025-02-21 07:01:54'),(199,29,16,'2025-02-21 07:15:30'),(200,29,97,'2025-02-21 09:45:35'),(201,17,47,'2025-02-21 09:52:19'),(202,29,99,'2025-02-21 10:01:19');
/*!40000 ALTER TABLE `recipe_like` ENABLE KEYS */;
UNLOCK TABLES;

--
-- Table structure for table `chart_ingredients`
--

DROP TABLE IF EXISTS `chart_ingredients`;
/*!40101 SET @saved_cs_client     = @@character_set_client */;
/*!50503 SET character_set_client = utf8mb4 */;
CREATE TABLE `chart_ingredients` (
  `id` int(11) NOT NULL AUTO_INCREMENT,
  `category_id` int(11) NOT NULL,
  `ingredient_name` varchar(50) COLLATE utf8mb4_bin NOT NULL,
  `ingredient_code` int(11) NOT NULL,
  PRIMARY KEY (`id`),
  UNIQUE KEY `indegrient_name` (`ingredient_name`),
  KEY `category_id` (`category_id`),
  CONSTRAINT `chart_ingredients_ibfk_1` FOREIGN KEY (`category_id`) REFERENCES `food_categories` (`id`)
) ENGINE=InnoDB DEFAULT CHARSET=utf8mb4 COLLATE=utf8mb4_bin;
/*!40101 SET character_set_client = @saved_cs_client */;

--
-- Dumping data for table `chart_ingredients`
--

LOCK TABLES `chart_ingredients` WRITE;
/*!40000 ALTER TABLE `chart_ingredients` DISABLE KEYS */;
/*!40000 ALTER TABLE `chart_ingredients` ENABLE KEYS */;
UNLOCK TABLES;

--
-- Table structure for table `food_categories`
--

DROP TABLE IF EXISTS `food_categories`;
/*!40101 SET @saved_cs_client     = @@character_set_client */;
/*!50503 SET character_set_client = utf8mb4 */;
CREATE TABLE `food_categories` (
  `id` int(11) NOT NULL AUTO_INCREMENT,
  `category_name` varchar(10) COLLATE utf8mb4_bin NOT NULL,
  PRIMARY KEY (`id`),
  UNIQUE KEY `category_name` (`category_name`)
) ENGINE=InnoDB AUTO_INCREMENT=11 DEFAULT CHARSET=utf8mb4 COLLATE=utf8mb4_bin;
/*!40101 SET character_set_client = @saved_cs_client */;

--
-- Dumping data for table `food_categories`
--

LOCK TABLES `food_categories` WRITE;
/*!40000 ALTER TABLE `food_categories` DISABLE KEYS */;
INSERT INTO `food_categories` VALUES (1,'곡물'),(2,'과일'),(3,'기름'),(10,'기타'),(4,'달걀류'),(5,'수산물'),(6,'양념'),(7,'유제품'),(8,'육류'),(9,'채소');
/*!40000 ALTER TABLE `food_categories` ENABLE KEYS */;
UNLOCK TABLES;

--
-- Table structure for table `user_badge`
--

DROP TABLE IF EXISTS `user_badge`;
/*!40101 SET @saved_cs_client     = @@character_set_client */;
/*!50503 SET character_set_client = utf8mb4 */;
CREATE TABLE `user_badge` (
  `id` int(11) NOT NULL AUTO_INCREMENT,
  `badge_id` int(11) NOT NULL,
  `user_id` int(11) NOT NULL,
  `created_at` datetime NOT NULL DEFAULT current_timestamp(),
  `rank` double DEFAULT NULL,
  PRIMARY KEY (`id`),
  KEY `badgeId` (`badge_id`),
  KEY `userId` (`user_id`),
  CONSTRAINT `user_badge_ibfk_1` FOREIGN KEY (`badge_id`) REFERENCES `badge` (`id`),
  CONSTRAINT `user_badge_ibfk_2` FOREIGN KEY (`user_id`) REFERENCES `users` (`id`)
) ENGINE=InnoDB AUTO_INCREMENT=501 DEFAULT CHARSET=utf8mb4 COLLATE=utf8mb4_bin;
/*!40101 SET character_set_client = @saved_cs_client */;

--
-- Dumping data for table `user_badge`
--

LOCK TABLES `user_badge` WRITE;
/*!40000 ALTER TABLE `user_badge` DISABLE KEYS */;
INSERT INTO `user_badge` VALUES (198,41,85,'2025-02-20 02:00:08',0),(199,36,85,'2025-02-20 02:00:08',0),(200,17,85,'2025-02-20 02:00:08',0),(220,29,85,'2025-02-20 02:04:32',0),(221,22,85,'2025-02-20 02:04:32',0),(223,5,85,'2025-02-20 02:16:47',0),(224,54,85,'2025-02-20 02:20:28',0),(225,48,85,'2025-02-20 02:21:10',0),(292,31,85,'2025-02-21 02:00:10',0),(293,6,85,'2025-02-21 02:00:11',16.67),(294,11,85,'2025-02-21 02:00:11',14.29),(295,31,85,'2025-02-21 02:00:10',16.67),(296,6,85,'2025-02-21 02:00:10',0),(298,11,85,'2025-02-21 02:00:10',0),(310,2,1,'2025-02-21 09:59:10',0),(311,33,1,'2025-02-21 09:59:10',0),(312,42,1,'2025-02-21 09:59:10',0),(313,37,1,'2025-02-21 09:59:10',0),(314,53,1,'2025-02-21 09:59:11',0),(315,48,1,'2025-02-21 09:59:11',20),(316,27,1,'2025-02-21 09:59:11',0),(317,18,1,'2025-02-21 09:59:11',0),(318,13,1,'2025-02-21 09:59:11',0),(319,22,1,'2025-02-21 09:59:11',25),(320,8,1,'2025-02-21 09:59:11',0),(321,61,1,'2025-02-21 09:59:11',20),(322,66,1,'2025-02-21 09:59:11',0),(323,2,3,'2025-02-21 09:59:11',14.29),(324,33,3,'2025-02-21 09:59:11',50),(325,41,3,'2025-02-21 09:59:12',12.5),(326,37,3,'2025-02-21 09:59:12',33.33),(327,53,3,'2025-02-21 09:59:12',25),(328,48,3,'2025-02-21 09:59:12',40),(329,27,3,'2025-02-21 09:59:12',25),(330,17,3,'2025-02-21 09:59:12',25),(331,12,3,'2025-02-21 09:59:12',0),(332,22,3,'2025-02-21 09:59:12',50),(333,8,3,'2025-02-21 09:59:12',33.33),(334,61,3,'2025-02-21 09:59:12',40),(335,66,3,'2025-02-21 09:59:12',4.55),(336,2,15,'2025-02-21 09:59:12',28.57),(337,32,15,'2025-02-21 09:59:12',0),(338,43,15,'2025-02-21 09:59:13',0),(339,38,15,'2025-02-21 09:59:13',0),(340,53,15,'2025-02-21 09:59:13',50),(341,48,15,'2025-02-21 09:59:13',60),(342,27,15,'2025-02-21 09:59:13',50),(343,17,15,'2025-02-21 09:59:13',50),(344,13,15,'2025-02-21 09:59:13',33.33),(345,21,15,'2025-02-21 09:59:13',0),(346,8,15,'2025-02-21 09:59:13',66.67),(347,66,15,'2025-02-21 09:59:13',9.09),(348,2,16,'2025-02-21 09:59:13',42.86),(349,32,16,'2025-02-21 09:59:14',33.33),(350,42,16,'2025-02-21 09:59:14',50),(351,38,16,'2025-02-21 09:59:14',50),(352,54,16,'2025-02-21 09:59:14',50),(353,47,16,'2025-02-21 09:59:14',0),(354,29,16,'2025-02-21 09:59:14',50),(355,18,16,'2025-02-21 09:59:14',50),(356,11,16,'2025-02-21 09:59:14',28.57),(357,23,16,'2025-02-21 09:59:14',0),(358,7,16,'2025-02-21 09:59:14',0),(359,66,16,'2025-02-21 09:59:15',13.64),(360,2,17,'2025-02-21 09:59:15',57.14),(361,32,17,'2025-02-21 09:59:15',66.67),(362,43,17,'2025-02-21 09:59:15',50),(363,37,17,'2025-02-21 09:59:15',66.67),(364,53,17,'2025-02-21 09:59:15',75),(365,48,17,'2025-02-21 09:59:15',80),(366,27,17,'2025-02-21 09:59:15',75),(367,17,17,'2025-02-21 09:59:15',75),(368,13,17,'2025-02-21 09:59:15',66.67),(369,22,17,'2025-02-21 09:59:15',75),(370,7,17,'2025-02-21 09:59:15',50),(371,66,17,'2025-02-21 09:59:16',18.18),(372,2,19,'2025-02-21 09:59:16',71.43),(373,31,19,'2025-02-21 09:59:16',33.33),(374,41,19,'2025-02-21 09:59:16',25),(375,36,19,'2025-02-21 09:59:16',16.67),(376,52,19,'2025-02-21 09:59:16',0),(377,26,19,'2025-02-21 09:59:16',0),(378,11,19,'2025-02-21 09:59:16',42.86),(379,21,19,'2025-02-21 09:59:16',20),(380,56,19,'2025-02-21 09:59:16',0),(381,61,19,'2025-02-21 09:59:16',60),(382,66,19,'2025-02-21 09:59:16',22.73),(383,2,20,'2025-02-21 09:59:16',85.71),(384,51,20,'2025-02-21 09:59:16',0),(385,46,20,'2025-02-21 09:59:16',0),(386,26,20,'2025-02-21 09:59:16',25),(387,11,20,'2025-02-21 09:59:16',57.14),(388,21,20,'2025-02-21 09:59:17',40),(389,6,20,'2025-02-21 09:59:17',33.33),(390,56,20,'2025-02-21 09:59:17',20),(391,66,20,'2025-02-21 09:59:17',27.27),(392,1,25,'2025-02-21 09:59:17',0),(393,52,25,'2025-02-21 09:59:17',25),(394,56,25,'2025-02-21 09:59:17',40),(395,66,25,'2025-02-21 09:59:17',31.82),(396,1,36,'2025-02-21 09:59:17',1.79),(397,1,37,'2025-02-21 09:59:17',3.57),(398,1,38,'2025-02-21 09:59:17',5.36),(399,66,38,'2025-02-21 09:59:17',36.36),(400,1,39,'2025-02-21 09:59:17',7.14),(401,1,40,'2025-02-21 09:59:18',8.93),(402,1,41,'2025-02-21 09:59:18',10.71),(403,1,42,'2025-02-21 09:59:18',12.5),(404,66,42,'2025-02-21 09:59:18',40.91),(405,1,43,'2025-02-21 09:59:18',14.29),(406,1,44,'2025-02-21 09:59:18',16.07),(407,1,45,'2025-02-21 09:59:19',17.86),(408,1,46,'2025-02-21 09:59:19',19.64),(409,1,47,'2025-02-21 09:59:19',21.43),(410,51,47,'2025-02-21 09:59:19',16.67),(411,56,47,'2025-02-21 09:59:19',60),(412,66,47,'2025-02-21 09:59:19',45.45),(413,1,49,'2025-02-21 09:59:19',23.21),(414,1,50,'2025-02-21 09:59:19',25),(415,31,50,'2025-02-21 09:59:19',50),(416,41,50,'2025-02-21 09:59:19',37.5),(417,36,50,'2025-02-21 09:59:19',33.33),(418,51,50,'2025-02-21 09:59:20',33.33),(419,21,50,'2025-02-21 09:59:20',60),(420,66,50,'2025-02-21 09:59:20',50),(421,1,52,'2025-02-21 09:59:20',26.79),(422,61,52,'2025-02-21 09:59:20',80),(423,1,53,'2025-02-21 09:59:20',28.57),(424,1,54,'2025-02-21 09:59:20',30.36),(425,1,55,'2025-02-21 09:59:20',32.14),(426,52,55,'2025-02-21 09:59:20',50),(427,66,55,'2025-02-21 09:59:20',54.55),(428,1,56,'2025-02-21 09:59:21',33.93),(429,66,56,'2025-02-21 09:59:21',59.09),(430,1,57,'2025-02-21 09:59:21',35.71),(431,66,57,'2025-02-21 09:59:21',63.64),(432,1,58,'2025-02-21 09:59:21',37.5),(433,1,59,'2025-02-21 09:59:21',39.29),(434,1,60,'2025-02-21 09:59:21',41.07),(435,1,61,'2025-02-21 09:59:21',42.86),(436,41,61,'2025-02-21 09:59:21',50),(437,51,61,'2025-02-21 09:59:22',50),(438,46,61,'2025-02-21 09:59:22',25),(439,26,61,'2025-02-21 09:59:22',50),(440,11,61,'2025-02-21 09:59:22',71.43),(441,21,61,'2025-02-21 09:59:22',80),(442,66,61,'2025-02-21 09:59:22',68.18),(443,1,62,'2025-02-21 09:59:22',44.64),(444,41,62,'2025-02-21 09:59:22',62.5),(445,36,62,'2025-02-21 09:59:22',50),(446,51,62,'2025-02-21 09:59:22',66.67),(447,46,62,'2025-02-21 09:59:22',50),(448,16,62,'2025-02-21 09:59:22',0),(449,6,62,'2025-02-21 09:59:22',50),(450,66,62,'2025-02-21 09:59:22',72.73),(451,1,63,'2025-02-21 09:59:22',46.43),(452,66,63,'2025-02-21 09:59:22',77.27),(453,1,64,'2025-02-21 09:59:23',48.21),(454,1,65,'2025-02-21 09:59:23',50),(455,1,66,'2025-02-21 09:59:23',51.79),(456,1,67,'2025-02-21 09:59:23',53.57),(457,1,68,'2025-02-21 09:59:23',55.36),(458,1,69,'2025-02-21 09:59:23',57.14),(459,1,70,'2025-02-21 09:59:24',58.93),(460,1,71,'2025-02-21 09:59:24',60.71),(461,1,72,'2025-02-21 09:59:24',62.5),(462,1,73,'2025-02-21 09:59:24',64.29),(463,1,74,'2025-02-21 09:59:24',66.07),(464,66,74,'2025-02-21 09:59:24',81.82),(465,1,75,'2025-02-21 09:59:24',67.86),(466,1,76,'2025-02-21 09:59:25',69.64),(467,1,77,'2025-02-21 09:59:25',71.43),(468,1,78,'2025-02-21 09:59:25',73.21),(469,26,78,'2025-02-21 09:59:25',75),(470,6,78,'2025-02-21 09:59:25',66.67),(471,1,79,'2025-02-21 09:59:25',75),(472,31,79,'2025-02-21 09:59:25',66.67),(473,41,79,'2025-02-21 09:59:25',75),(474,36,79,'2025-02-21 09:59:25',66.67),(475,6,79,'2025-02-21 09:59:25',83.33),(476,1,80,'2025-02-21 09:59:26',76.79),(477,1,81,'2025-02-21 09:59:26',78.57),(478,1,82,'2025-02-21 09:59:26',80.36),(479,1,83,'2025-02-21 09:59:26',82.14),(480,31,83,'2025-02-21 09:59:26',83.33),(481,36,83,'2025-02-21 09:59:26',83.33),(482,52,83,'2025-02-21 09:59:26',75),(483,11,83,'2025-02-21 09:59:26',85.71),(484,66,83,'2025-02-21 09:59:26',86.36),(485,1,84,'2025-02-21 09:59:26',83.93),(486,66,85,'2025-02-21 09:59:27',90.91),(487,1,86,'2025-02-21 09:59:27',85.71),(488,51,86,'2025-02-21 09:59:27',83.33),(489,46,86,'2025-02-21 09:59:27',75),(490,1,87,'2025-02-21 09:59:28',87.5),(491,1,88,'2025-02-21 09:59:28',89.29),(492,41,88,'2025-02-21 09:59:28',87.5),(493,1,89,'2025-02-21 09:59:28',91.07),(494,66,89,'2025-02-21 09:59:28',95.45),(495,1,90,'2025-02-21 09:59:28',92.86),(496,1,92,'2025-02-21 09:59:28',94.64),(497,1,93,'2025-02-21 09:59:28',96.43),(498,1,94,'2025-02-21 09:59:29',98.21),(499,56,95,'2025-02-21 09:59:29',80),(500,61,15,'2025-02-21 01:15:11',0);
/*!40000 ALTER TABLE `user_badge` ENABLE KEYS */;
UNLOCK TABLES;
/*!40103 SET TIME_ZONE=@OLD_TIME_ZONE */;

/*!40101 SET SQL_MODE=@OLD_SQL_MODE */;
/*!40014 SET FOREIGN_KEY_CHECKS=@OLD_FOREIGN_KEY_CHECKS */;
/*!40014 SET UNIQUE_CHECKS=@OLD_UNIQUE_CHECKS */;
/*!40101 SET CHARACTER_SET_CLIENT=@OLD_CHARACTER_SET_CLIENT */;
/*!40101 SET CHARACTER_SET_RESULTS=@OLD_CHARACTER_SET_RESULTS */;
/*!40101 SET COLLATION_CONNECTION=@OLD_COLLATION_CONNECTION */;
/*!40111 SET SQL_NOTES=@OLD_SQL_NOTES */;

-- Dump completed on 2025-02-21 11:41:27
